frame,label,confidence,x1,y1,x2,y2
0,person,0.890676736831665,1066,433,1644,974
0,person,0.7879284024238586,308,376,647,1065
0,person,0.7566787004470825,499,85,708,657
0,person,0.5584673881530762,1396,309,1651,578
0,chair,0.5432865023612976,92,397,262,500
0,dining table,0.5178542733192444,745,786,1917,1074
1,person,0.8875571489334106,1064,438,1643,971
1,person,0.8342453241348267,310,379,641,1060
1,person,0.5454787015914917,1393,310,1655,587
1,person,0.4943571388721466,489,82,705,661
1,chair,0.4702043831348419,91,397,261,499
1,dining table,0.4333358407020569,712,773,1916,1075
2,person,0.8949185609817505,1066,436,1642,974
2,person,0.8325092792510986,309,379,642,1061
2,person,0.5816875696182251,1391,309,1648,576
2,person,0.5370710492134094,496,83,705,666
2,dining table,0.44525426626205444,711,772,1917,1075
3,person,0.8850708603858948,1062,437,1647,969
3,person,0.8165510892868042,308,380,641,1062
3,person,0.6449684500694275,491,83,702,681
3,person,0.5903232097625732,1396,307,1648,577
3,dining table,0.536068856716156,743,780,1917,1075
4,person,0.8879101872444153,1063,436,1647,968
4,person,0.8230016231536865,308,379,640,1062
4,person,0.7184134125709534,488,83,703,676
4,person,0.624992847442627,1397,308,1647,558
4,dining table,0.4769631326198578,742,780,1917,1075
5,person,0.8938186764717102,1063,437,1648,967
5,person,0.8181002736091614,309,379,640,1061
5,person,0.7137821912765503,487,82,700,667
5,person,0.6216943264007568,1396,312,1645,573
5,dining table,0.5009338855743408,740,782,1916,1075
5,chair,0.4048590362071991,87,396,257,498
6,person,0.8952166438102722,1063,438,1643,967
6,person,0.8313440084457397,309,377,640,1061
6,person,0.7722296714782715,483,82,700,675
6,person,0.6082136034965515,1392,312,1646,569
6,dining table,0.5002694129943848,713,775,1916,1076
6,chair,0.4081404209136963,86,397,257,498
7,person,0.8936157822608948,1062,436,1646,968
7,person,0.8413856029510498,309,377,641,1060
7,person,0.8170915842056274,482,82,700,665
7,person,0.6532339453697205,1395,314,1645,569
7,chair,0.5464634299278259,86,397,256,498
7,dining table,0.47644710540771484,756,782,1917,1075
8,person,0.8947442173957825,1063,435,1645,966
8,person,0.8506845235824585,308,377,641,1065
8,person,0.8213387727737427,483,81,697,665
8,person,0.680124044418335,1399,314,1647,564
8,dining table,0.4900369942188263,743,785,1916,1076
8,chair,0.4841073751449585,86,396,255,497
9,person,0.8917255997657776,1064,435,1640,965
9,person,0.8617330193519592,310,376,639,1059
9,person,0.7915651202201843,483,81,697,670
9,person,0.6145109534263611,1399,315,1645,568
9,chair,0.5438572764396667,86,396,255,497
9,dining table,0.4471234977245331,742,785,1917,1076
10,person,0.8939543962478638,1062,433,1643,971
10,person,0.851760745048523,310,378,639,1059
10,person,0.7972263097763062,484,80,693,667
10,person,0.6974073648452759,1400,317,1643,561
10,chair,0.49529340863227844,85,396,254,497
10,dining table,0.4040535092353821,737,783,1916,1075
11,person,0.8916667103767395,1062,435,1640,969
11,person,0.8254720568656921,309,378,641,1060
11,person,0.727810263633728,483,80,688,681
11,person,0.6588120460510254,1398,318,1644,563
11,chair,0.4689418375492096,84,397,254,498
11,dining table,0.40621498227119446,754,781,1917,1076
12,person,0.8915720582008362,1057,434,1642,970
12,person,0.849858283996582,309,378,641,1058
12,person,0.686484158039093,483,79,685,686
12,person,0.6251345276832581,1392,319,1645,562
12,dining table,0.4289700388908386,735,783,1916,1075
12,chair,0.4158709645271301,83,397,254,499
13,person,0.8843743205070496,1058,436,1640,969
13,person,0.8238106966018677,309,380,643,1059
13,person,0.5843290686607361,482,78,681,696
13,person,0.5388004779815674,1383,321,1645,561
13,dining table,0.44456467032432556,709,775,1914,1075
13,chair,0.43983227014541626,84,397,253,499
14,person,0.8873348236083984,1058,436,1644,970
14,person,0.8186726570129395,310,381,646,1060
14,person,0.6349417567253113,480,80,677,634
14,person,0.6242233514785767,1402,322,1645,557
14,chair,0.4762362539768219,83,397,254,500
14,dining table,0.43700623512268066,737,785,1916,1075
14,chair,0.40443071722984314,97,400,294,738
15,person,0.8894190192222595,1058,435,1641,970
15,person,0.8194167613983154,310,380,643,1060
15,person,0.6541775465011597,479,83,678,624
15,person,0.6515174508094788,1405,321,1644,559
15,chair,0.49903038144111633,83,398,253,499
15,chair,0.4276275932788849,97,400,291,738
15,dining table,0.4235275089740753,751,786,1916,1075
16,person,0.8889983296394348,1058,436,1643,970
16,person,0.7981739044189453,310,382,642,1060
16,person,0.7130792737007141,478,83,681,615
16,person,0.6643173694610596,1407,320,1647,556
16,chair,0.45618972182273865,83,399,253,500
16,dining table,0.44508832693099976,745,786,1916,1076
17,person,0.8881189823150635,1062,437,1647,971
17,person,0.7842199802398682,309,381,646,1061
17,person,0.6332837343215942,1395,318,1645,560
17,person,0.6124703288078308,478,81,678,680
17,chair,0.5099695920944214,83,399,253,500
17,dining table,0.49701550602912903,767,788,1917,1076
17,chair,0.41793927550315857,98,404,297,740
18,person,0.8939996361732483,1063,439,1643,971
18,person,0.8383753895759583,310,382,644,1061
18,person,0.8254655599594116,478,82,680,627
18,person,0.6011322140693665,1401,320,1652,567
18,chair,0.5092137455940247,83,400,253,501
18,dining table,0.4862199127674103,759,791,1916,1076
19,person,0.8857418894767761,1063,438,1641,971
19,person,0.8568589687347412,309,382,649,1062
19,person,0.8218020796775818,471,83,671,624
19,person,0.5537413358688354,1399,323,1650,568
19,chair,0.49342960119247437,82,400,253,501
19,dining table,0.49120768904685974,755,791,1916,1076
20,person,0.8909580707550049,1063,439,1642,971
20,person,0.8478546142578125,471,84,676,621
20,person,0.8379817008972168,310,381,648,1060
20,person,0.5787205696105957,1396,324,1647,562
20,chair,0.5035311579704285,82,401,253,502
20,dining table,0.4976952075958252,753,790,1916,1076
20,tie,0.40117761492729187,534,201,613,296
21,person,0.8867424726486206,1064,438,1644,976
21,person,0.8524895310401917,472,84,675,621
21,person,0.8086104989051819,310,380,648,1060
21,person,0.4718543589115143,1399,325,1645,565
21,dining table,0.469378262758255,722,777,1916,1075
21,chair,0.449545294046402,82,401,253,502
21,tie,0.43797972798347473,538,203,604,298
22,person,0.8849140405654907,1065,438,1646,976
22,person,0.8246532678604126,310,379,651,1063
22,person,0.7959430813789368,474,87,677,628
22,person,0.542290985584259,1399,324,1647,567
22,chair,0.4958317279815674,88,405,304,739
22,dining table,0.4741148054599762,747,792,1917,1074
22,chair,0.4539172053337097,82,401,253,503
22,tie,0.43618491291999817,537,203,602,297
23,person,0.8864598870277405,1066,439,1645,976
23,person,0.7960739731788635,311,377,650,1060
23,person,0.7698759436607361,475,87,675,621
23,person,0.5092723965644836,1395,324,1648,569
23,dining table,0.4987012445926666,753,793,1917,1073
23,tie,0.48188939690589905,536,204,600,298
23,chair,0.44534605741500854,82,402,253,504
23,chair,0.4215700328350067,87,406,282,746
24,person,0.888346791267395,1067,439,1643,975
24,person,0.8420647978782654,313,376,651,1060
24,person,0.8036361336708069,474,88,675,621
24,person,0.5794860124588013,1401,323,1650,570
24,dining table,0.5512531399726868,772,796,1917,1074
24,tie,0.4996011555194855,536,204,604,299
24,chair,0.40855082869529724,82,402,253,504
25,person,0.8795512914657593,1064,439,1642,981
25,person,0.8276742696762085,313,373,652,1062
25,person,0.8213878273963928,472,87,676,631
25,tie,0.6590195298194885,541,204,603,299
25,person,0.541004478931427,1402,326,1649,569
25,dining table,0.4378646910190582,755,796,1917,1074
26,person,0.8943517208099365,1069,437,1646,980
26,person,0.8054781556129456,471,88,675,633
26,person,0.7422767281532288,309,371,654,1057
26,person,0.6570553779602051,1400,327,1645,566
26,tie,0.5284375548362732,536,205,600,298
26,dining table,0.46451956033706665,730,780,1919,1073
27,person,0.8807976245880127,1069,438,1643,977
27,person,0.8197811841964722,472,88,677,627
27,person,0.7212738990783691,318,372,670,1058
27,tie,0.5326226949691772,537,205,598,298
27,person,0.5117639899253845,1399,323,1648,568
27,dining table,0.4615294933319092,749,794,1917,1073
27,tie,0.4173848032951355,541,203,589,285
27,chair,0.40942829847335815,85,405,255,505
28,person,0.8850001096725464,1069,442,1646,972
28,person,0.8185527324676514,472,88,675,620
28,person,0.7247672080993652,308,372,664,1055
28,tie,0.5220949649810791,535,205,599,298
28,person,0.5033475160598755,1403,327,1649,571
28,dining table,0.46355879306793213,759,793,1917,1074
28,chair,0.4093686044216156,85,405,256,505
29,person,0.8824723958969116,1072,439,1644,970
29,person,0.7559034824371338,311,374,656,1055
29,person,0.6861236691474915,472,89,675,635
29,tie,0.4970071613788605,537,205,599,299
29,dining table,0.4815617799758911,745,780,1917,1073
29,chair,0.48122626543045044,85,405,256,505
29,person,0.4600088894367218,1398,326,1648,571
30,person,0.880289614200592,1073,442,1648,968
30,person,0.7797625660896301,316,376,655,1058
30,person,0.717214047908783,471,91,678,643
30,person,0.523741602897644,1394,327,1649,575
30,tie,0.4889141321182251,536,204,602,298
30,dining table,0.4464280605316162,748,779,1917,1074
30,chair,0.4306533932685852,84,404,254,504
31,person,0.8819122910499573,1074,443,1649,969
31,person,0.7959561944007874,317,378,658,1058
31,person,0.732567310333252,471,86,675,608
31,tie,0.48225778341293335,538,206,600,300
31,dining table,0.4770480692386627,757,791,1917,1074
31,chair,0.47655630111694336,85,405,255,505
31,person,0.4759824573993683,1387,329,1647,578
32,person,0.8793784379959106,1069,443,1653,983
32,person,0.7542714476585388,316,379,660,1057
32,person,0.7148621082305908,472,87,673,619
32,tie,0.5453413724899292,539,207,600,301
32,dining table,0.488761842250824,765,787,1918,1072
32,chair,0.4846172332763672,86,405,256,505
32,person,0.4140426814556122,1380,327,1651,581
33,person,0.8652889132499695,1070,445,1655,984
33,person,0.7675219178199768,314,382,661,1059
33,person,0.731478214263916,475,87,673,585
33,dining table,0.5188060402870178,778,788,1918,1071
33,person,0.45309385657310486,1380,328,1651,579
33,tie,0.44425317645072937,537,206,602,302
34,person,0.8654078841209412,1072,446,1656,973
34,person,0.7773381471633911,475,87,671,590
34,person,0.6956067681312561,316,381,658,1056
34,person,0.4882109761238098,1391,330,1660,591
34,dining table,0.4618059992790222,787,793,1917,1073
34,chair,0.4039558172225952,86,406,256,506
35,person,0.8678891658782959,1072,446,1656,975
35,person,0.7837099432945251,311,381,663,1061
35,person,0.7141313552856445,477,86,674,637
35,dining table,0.47530362010002136,776,793,1917,1071
35,person,0.4383999705314636,1392,332,1666,593
36,person,0.8628942966461182,1072,444,1658,981
36,person,0.7520694136619568,313,379,679,1061
36,person,0.7258358001708984,478,86,677,579
36,dining table,0.5226954221725464,782,789,1918,1070
36,person,0.4486594796180725,1395,332,1664,594
37,person,0.8641313910484314,1076,443,1664,981
37,person,0.7756698727607727,480,91,675,565
37,person,0.7214274406433105,304,383,685,1052
37,person,0.5005180835723877,1397,332,1665,593
37,dining table,0.4989423453807831,771,793,1917,1072
38,person,0.8819077014923096,1081,445,1662,974
38,person,0.8370185494422913,306,384,681,1058
38,person,0.8059152364730835,480,90,676,565
38,person,0.6117441058158875,1396,330,1662,590
38,dining table,0.46478259563446045,780,779,1920,1072
39,person,0.878241777420044,1086,442,1664,978
39,person,0.8155457377433777,480,93,675,561
39,person,0.8058054447174072,304,385,684,1059
39,person,0.5822376608848572,1398,330,1666,589
39,dining table,0.46656930446624756,787,779,1920,1072
39,book,0.40479689836502075,427,670,633,756
40,person,0.870709240436554,1084,441,1671,980
40,person,0.850044846534729,311,384,677,1064
40,person,0.765558123588562,481,91,677,570
40,person,0.5412203669548035,1404,333,1672,589
40,book,0.5352502465248108,438,675,634,755
40,dining table,0.433453768491745,788,778,1920,1072
41,person,0.8840979933738708,1084,441,1670,980
41,person,0.8406268954277039,309,386,685,1063
41,person,0.8128965497016907,480,91,679,562
41,person,0.5722061395645142,1405,332,1657,581
41,book,0.5239363312721252,440,678,640,755
41,dining table,0.4319148063659668,779,792,1917,1072
41,bottle,0.4065447747707367,884,369,908,428
42,person,0.8851937651634216,1086,441,1672,980
42,person,0.8242262601852417,308,388,684,1058
42,person,0.7889631986618042,480,84,682,573
42,person,0.5707935690879822,1409,333,1662,588
42,dining table,0.44712042808532715,765,794,1917,1072
42,book,0.4146614670753479,441,680,639,755
42,chair,0.40610045194625854,100,407,304,763
43,person,0.8877541422843933,1087,440,1671,981
43,person,0.82034832239151,481,84,682,570
43,person,0.7987069487571716,307,389,677,1054
43,person,0.5416914820671082,309,390,671,738
43,person,0.5248188972473145,1406,332,1662,584
43,dining table,0.47065725922584534,779,793,1918,1072
43,bottle,0.4188685715198517,886,365,909,428
44,person,0.8865139484405518,1086,440,1673,981
44,person,0.8240231871604919,480,84,684,571
44,person,0.8071197867393494,308,391,689,1057
44,book,0.5304189920425415,444,682,642,755
44,person,0.5243456959724426,1409,333,1660,581
44,dining table,0.45722559094429016,781,793,1918,1072
45,person,0.8752734661102295,1086,441,1671,983
45,person,0.8424232602119446,307,390,691,1059
45,person,0.8084022998809814,481,84,685,571
45,person,0.519865095615387,1421,332,1659,577
45,book,0.47297537326812744,445,683,641,753
45,dining table,0.46489787101745605,794,793,1918,1071
46,person,0.8846461772918701,1085,440,1674,985
46,person,0.8259943127632141,308,391,691,1059
46,person,0.8256508111953735,482,85,686,568
46,person,0.6509550213813782,1418,332,1671,579
46,chair,0.4361353814601898,100,407,303,772
46,dining table,0.4343258738517761,796,793,1918,1072
47,person,0.8826607465744019,1080,440,1674,988
47,person,0.833187460899353,483,88,689,551
47,person,0.8199611306190491,309,392,693,1062
47,person,0.6447418928146362,1428,332,1673,579
47,book,0.47592681646347046,443,681,638,756
47,dining table,0.4362879991531372,802,780,1920,1073
48,person,0.8795101642608643,1077,439,1674,987
48,person,0.8560813069343567,310,392,695,1062
48,person,0.8385079503059387,483,85,695,570
48,person,0.5427060127258301,1410,332,1669,576
48,book,0.5239836573600769,444,680,641,757
48,bottle,0.49654245376586914,887,368,911,430
48,dining table,0.4188660979270935,804,794,1918,1072
49,person,0.8864805102348328,1079,440,1672,982
49,person,0.8410331010818481,483,89,694,568
49,person,0.7986729145050049,310,392,696,1063
49,person,0.6588857173919678,1412,332,1665,572
49,dining table,0.506527841091156,807,795,1918,1071
49,book,0.4655020236968994,444,680,643,756
49,bottle,0.4077158570289612,887,369,912,430
50,person,0.8848631381988525,1085,441,1674,979
50,person,0.850616991519928,482,86,695,567
50,person,0.8139236569404602,306,394,693,1059
50,person,0.6646088361740112,1412,332,1679,579
50,dining table,0.46842896938323975,812,793,1918,1070
50,book,0.41085973381996155,444,680,644,757
51,person,0.8860231041908264,1088,440,1677,978
51,person,0.8493098616600037,483,87,701,567
51,person,0.8109255433082581,315,395,689,1058
51,person,0.6934075355529785,1418,333,1686,582
51,chair,0.4830552637577057,101,410,309,764
51,bottle,0.4798063635826111,887,369,912,429
51,dining table,0.44709330797195435,817,794,1918,1071
52,person,0.8781046867370605,1091,441,1678,977
52,person,0.861739456653595,487,88,700,565
52,person,0.809904932975769,315,396,690,1058
52,person,0.684942364692688,1424,335,1689,585
52,bottle,0.5070319771766663,887,369,912,428
52,dining table,0.4322609007358551,817,794,1918,1072
53,person,0.8732120990753174,1090,438,1676,981
53,person,0.839389979839325,486,87,698,567
53,person,0.8286641836166382,313,397,692,1058
53,person,0.5921421051025391,1427,335,1686,580
53,dining table,0.4579954445362091,810,793,1918,1071
53,bottle,0.4463459551334381,887,368,913,428
54,person,0.8713986277580261,1089,438,1674,983
54,person,0.8342150449752808,487,92,699,564
54,person,0.8244076371192932,313,401,690,1059
54,person,0.5802112221717834,1441,337,1682,577
54,dining table,0.4658336639404297,797,793,1918,1071
54,chair,0.40348052978515625,101,407,309,780
55,person,0.8684279322624207,1089,438,1673,983
55,person,0.8334669470787048,487,89,704,568
55,person,0.824017345905304,313,400,694,1058
55,person,0.5979138016700745,1440,337,1680,576
55,dining table,0.46152782440185547,801,793,1918,1071
55,chair,0.438606858253479,101,407,310,779
55,bottle,0.42228972911834717,887,369,914,426
56,person,0.8698937296867371,1094,440,1670,975
56,person,0.8325545191764832,317,400,689,1058
56,person,0.8207629919052124,487,89,704,574
56,person,0.603596568107605,1448,339,1679,576
56,dining table,0.5015183687210083,799,793,1918,1071
56,bottle,0.44845494627952576,885,367,913,425
56,chair,0.4269140362739563,100,408,314,764
57,person,0.8652794361114502,1090,440,1671,979
57,person,0.8229837417602539,320,400,690,1058
57,person,0.8158200979232788,491,88,706,571
57,person,0.687626302242279,1448,339,1682,584
57,dining table,0.5546818971633911,808,793,1918,1070
57,chair,0.5005854964256287,102,409,311,768
57,bottle,0.4500199556350708,886,367,914,426
58,person,0.8647239208221436,1092,440,1673,979
58,person,0.8552864789962769,494,90,707,566
58,person,0.8465020060539246,310,404,703,1062
58,person,0.6445401906967163,1448,337,1683,585
58,dining table,0.5594385266304016,804,794,1918,1070
59,person,0.8638696670532227,1093,440,1678,979
59,person,0.811235785484314,495,90,708,566
59,person,0.8103184103965759,311,405,702,1056
59,person,0.6691545844078064,1447,336,1683,584
59,dining table,0.5327983498573303,801,794,1918,1070
59,tie,0.4196050465106964,589,208,631,305
60,person,0.8587170839309692,1093,438,1676,986
60,person,0.806722104549408,310,405,705,1056
60,person,0.7811840176582336,496,89,707,568
60,person,0.581136167049408,1447,335,1685,587
60,dining table,0.5278539657592773,815,794,1918,1071
60,tie,0.4250451624393463,591,208,633,306
60,bottle,0.4092434346675873,889,368,914,428
61,person,0.8640269637107849,1094,437,1681,985
61,person,0.8143936395645142,311,406,704,1055
61,person,0.7633219957351685,496,90,707,567
61,person,0.5647927522659302,1445,336,1687,587
61,dining table,0.52154541015625,810,794,1918,1071
62,person,0.8691532015800476,1097,438,1682,983
62,person,0.8223798274993896,312,406,704,1056
62,person,0.7636197209358215,496,92,705,567
62,person,0.7186103463172913,1436,335,1696,589
62,dining table,0.5395604372024536,822,794,1918,1071
63,person,0.8765594363212585,1100,437,1686,985
63,person,0.8197163343429565,315,405,706,1056
63,person,0.8102649450302124,505,89,705,566
63,person,0.6922035217285156,1434,333,1696,591
63,dining table,0.4465360641479492,814,780,1920,1071
63,book,0.406648188829422,458,674,659,755
64,person,0.8728858232498169,1102,437,1685,982
64,person,0.8258381485939026,313,405,706,1056
64,person,0.7687278389930725,508,89,707,565
64,person,0.6957341432571411,1434,332,1697,589
64,dining table,0.4581180214881897,812,780,1920,1072
64,book,0.4519359767436981,456,674,658,755
64,backpack,0.4008196294307709,1720,676,1918,863
65,person,0.8803814649581909,1103,436,1685,978
65,person,0.8162923455238342,311,405,710,1063
65,person,0.7567417025566101,1444,334,1696,585
65,person,0.7391578555107117,507,90,707,565
65,dining table,0.4786183536052704,816,779,1920,1072
65,book,0.41232362389564514,460,676,657,755
65,backpack,0.4036201238632202,1720,676,1918,863
66,person,0.8699275851249695,1103,435,1682,979
66,person,0.8332762122154236,507,90,708,565
66,person,0.7751448750495911,310,406,709,1063
66,person,0.7445676922798157,1436,335,1699,591
66,dining table,0.4582253098487854,828,793,1919,1072
66,backpack,0.4216933846473694,1720,676,1918,862
66,book,0.4128250479698181,461,677,656,755
67,person,0.8749053478240967,1107,436,1688,978
67,person,0.8227995038032532,508,89,708,566
67,person,0.7822378277778625,311,406,709,1063
67,person,0.7157246470451355,1442,336,1697,589
67,dining table,0.45680126547813416,815,778,1920,1071
67,backpack,0.4299758970737457,1721,676,1918,863
67,book,0.4197159707546234,462,677,657,755
67,chair,0.4094514846801758,105,409,305,763
68,person,0.8681231737136841,1108,433,1678,984
68,person,0.8468499779701233,509,89,707,566
68,person,0.831932544708252,317,407,708,1063
68,person,0.6472127437591553,1435,335,1694,588
68,backpack,0.44121676683425903,1721,677,1918,864
68,dining table,0.40195199847221375,814,779,1920,1072
69,person,0.8613802790641785,1105,427,1677,984
69,person,0.8588821887969971,509,90,708,566
69,person,0.83250492811203,316,408,709,1062
69,person,0.6298722624778748,1436,334,1696,590
69,dining table,0.46429118514060974,823,795,1918,1072
69,backpack,0.42500630021095276,1720,677,1918,864
69,book,0.4113980233669281,462,675,662,756
70,person,0.8733617067337036,1106,425,1683,985
70,person,0.8533493876457214,509,90,708,566
70,person,0.8340126276016235,314,408,709,1062
70,person,0.7202298045158386,1428,334,1695,588
70,dining table,0.4845038056373596,828,796,1918,1072
70,backpack,0.40631189942359924,1720,676,1918,863
71,person,0.8689755797386169,1106,422,1676,985
71,person,0.8631211519241333,511,90,711,567
71,person,0.8068361878395081,313,407,709,1063
71,person,0.755713164806366,1424,334,1697,586
71,dining table,0.5296935439109802,819,797,1918,1070
71,book,0.40282490849494934,463,676,660,756
72,person,0.8692469000816345,1105,420,1686,987
72,person,0.8424323797225952,510,91,710,568
72,person,0.8342241048812866,317,407,708,1063
72,person,0.6686296463012695,1425,338,1706,585
72,dining table,0.46260249614715576,820,796,1918,1071
72,chair,0.43588459491729736,103,409,308,759
73,person,0.8803057670593262,1105,418,1686,987
73,person,0.8172013163566589,512,90,711,567
73,person,0.8059338331222534,314,406,709,1063
73,person,0.6813398003578186,1425,338,1709,588
73,dining table,0.46201029419898987,824,795,1918,1072
73,chair,0.42030468583106995,104,410,308,763
74,person,0.8722862601280212,1106,416,1690,990
74,person,0.832209587097168,511,90,711,570
74,person,0.7899676561355591,316,406,707,1063
74,person,0.6395488977432251,1424,338,1709,589
74,dining table,0.5116190314292908,817,798,1917,1073
74,chair,0.439990371465683,104,410,307,764
75,person,0.866216778755188,1107,418,1688,981
75,person,0.8506786823272705,512,91,710,567
75,person,0.816730260848999,322,408,711,1063
75,person,0.5825525522232056,1426,340,1707,588
75,dining table,0.5280417203903198,828,797,1918,1074
76,person,0.8694134950637817,1106,416,1689,989
76,person,0.8490563631057739,512,91,711,567
76,person,0.8100955486297607,321,408,709,1063
76,person,0.596034049987793,1426,337,1706,589
76,dining table,0.5657784938812256,826,798,1918,1074
76,book,0.4617179334163666,468,677,658,757
77,person,0.8802893161773682,1108,416,1687,989
77,person,0.8395140171051025,512,92,711,566
77,person,0.8180665969848633,321,411,709,1058
77,person,0.6407673358917236,1423,337,1704,589
77,dining table,0.5817608833312988,828,797,1918,1074
77,book,0.424662321805954,469,678,658,758
78,person,0.8769223690032959,1106,416,1684,984
78,person,0.85145103931427,512,94,707,567
78,person,0.8118690252304077,321,410,718,1057
78,person,0.614686906337738,1426,337,1703,589
78,book,0.517341136932373,464,679,656,758
78,dining table,0.5040320754051208,828,798,1917,1072
79,person,0.8779604434967041,1113,416,1685,989
79,person,0.8689818978309631,512,93,707,566
79,person,0.7903269529342651,325,414,736,1055
79,person,0.6435761451721191,1425,337,1701,589
79,dining table,0.5061665773391724,843,798,1918,1073
79,book,0.4848572313785553,466,680,661,759
80,person,0.8768381476402283,1114,415,1689,989
80,person,0.8653967380523682,511,93,708,567
80,person,0.7793285250663757,334,413,731,1058
80,person,0.7363660335540771,1425,340,1711,589
80,dining table,0.4792066216468811,836,797,1918,1073
80,book,0.4299427568912506,464,679,664,760
81,person,0.8753126859664917,1114,416,1687,988
81,person,0.8691940307617188,512,94,708,566
81,person,0.831353485584259,322,410,722,1057
81,person,0.6957666277885437,1427,338,1706,591
81,dining table,0.5096646547317505,834,798,1918,1073
81,book,0.42113861441612244,462,679,666,760
82,person,0.8818213939666748,1111,415,1694,983
82,person,0.8595910668373108,512,94,709,565
82,person,0.8229765892028809,316,413,712,1058
82,person,0.6908867359161377,1428,338,1706,590
82,book,0.5502030253410339,471,680,662,760
82,dining table,0.5134220123291016,834,799,1918,1072
83,person,0.8820732235908508,1114,416,1693,987
83,person,0.8526762127876282,512,95,708,565
83,person,0.8455675840377808,315,411,715,1058
83,person,0.7367826700210571,1428,338,1706,590
83,dining table,0.5661845207214355,837,798,1918,1073
83,book,0.4862424433231354,474,681,664,761
83,chair,0.41166403889656067,101,409,411,770
83,chair,0.40004998445510864,103,411,320,771
84,person,0.8813791275024414,1111,413,1693,985
84,person,0.85051429271698,324,415,713,1060
84,person,0.8425775766372681,511,95,707,565
84,person,0.7367749214172363,1426,338,1704,592
84,dining table,0.6055262684822083,862,798,1918,1073
84,book,0.421424925327301,472,681,665,762
84,chair,0.4051613509654999,102,410,321,768
85,person,0.8710078597068787,1114,416,1700,985
85,person,0.8677327036857605,324,414,712,1063
85,person,0.8298066854476929,511,96,704,565
85,person,0.7306074500083923,1423,337,1705,592
85,dining table,0.5613436102867126,869,799,1917,1073
85,book,0.42525336146354675,475,682,664,763
85,chair,0.4055372476577759,101,409,396,769
86,person,0.8899946212768555,1114,415,1702,986
86,person,0.8616507053375244,329,415,712,1063
86,person,0.8463073968887329,511,93,706,564
86,person,0.8143354654312134,1423,337,1705,593
86,dining table,0.5692146420478821,868,800,1918,1072
86,chair,0.5405506491661072,102,411,321,771
86,book,0.4977678060531616,478,681,665,762
87,person,0.8908780813217163,1116,416,1704,984
87,person,0.8490871787071228,328,415,713,1064
87,person,0.8279385566711426,512,94,705,564
87,person,0.7999864816665649,1422,338,1703,594
87,dining table,0.6081563234329224,860,802,1919,1070
87,book,0.5203953385353088,478,682,665,762
87,chair,0.4561440050601959,100,410,315,770
87,tie,0.4323020577430725,590,213,635,311
88,person,0.8988271355628967,1116,415,1702,985
88,person,0.8349014520645142,326,415,721,1063
88,person,0.8229086399078369,1425,339,1702,593
88,person,0.8046606183052063,509,95,702,569
88,dining table,0.5471841096878052,856,804,1919,1070
88,chair,0.5247858762741089,101,412,321,773
88,book,0.4942234456539154,477,683,665,764
89,person,0.9000079035758972,1116,415,1704,984
89,person,0.8131356835365295,328,417,716,1065
89,person,0.787731945514679,507,97,705,558
89,person,0.7865016460418701,1425,338,1702,593
89,dining table,0.5778643488883972,853,804,1919,1071
89,chair,0.5486868023872375,102,412,322,771
89,book,0.4287637770175934,476,683,666,764
89,tie,0.40108823776245117,588,214,635,312
90,person,0.8861595392227173,1117,416,1714,985
90,person,0.8252608180046082,327,417,710,1065
90,person,0.7864187955856323,506,98,706,561
90,person,0.7741653919219971,1424,339,1703,594
90,dining table,0.4843088984489441,859,802,1918,1073
90,chair,0.43965744972229004,114,567,312,775
90,book,0.41468891501426697,478,680,671,764
91,person,0.892338752746582,1118,416,1712,986
91,person,0.8390805721282959,328,416,710,1065
91,person,0.8241868019104004,504,98,708,557
91,person,0.7705247402191162,1421,339,1703,595
91,dining table,0.4851205348968506,863,802,1918,1073
91,chair,0.46832555532455444,112,566,312,778
91,book,0.45573002099990845,476,681,671,764
92,person,0.8856984972953796,1118,416,1712,986
92,person,0.8378995060920715,330,415,712,1064
92,person,0.8332909941673279,503,98,707,551
92,person,0.6869144439697266,1422,339,1700,594
92,chair,0.4489288926124573,112,566,310,780
92,book,0.43248215317726135,479,683,669,764
92,tie,0.429426908493042,586,217,630,306
92,dining table,0.42185088992118835,858,801,1918,1074
93,person,0.8820410966873169,1119,415,1706,986
93,person,0.8402059674263,333,417,714,1065
93,person,0.8099228739738464,502,98,708,552
93,person,0.6129958629608154,1424,339,1697,589
93,chair,0.48850592970848083,111,566,309,781
93,chair,0.4318126142024994,99,412,326,779
93,book,0.4170267879962921,480,685,669,765
94,person,0.8830990195274353,1120,413,1710,985
94,person,0.8478785157203674,332,418,712,1064
94,person,0.8252742290496826,498,98,704,580
94,person,0.5308741331100464,1425,339,1697,589
94,chair,0.5258212089538574,111,565,310,780
94,tie,0.4827258884906769,586,216,628,310
94,chair,0.433788001537323,99,412,323,778
95,person,0.8852137923240662,1120,412,1712,986
95,person,0.8631661534309387,334,417,712,1065
95,person,0.8558549284934998,497,98,703,547
95,person,0.5153982639312744,1423,339,1697,591
95,chair,0.492389053106308,99,413,323,779
95,tie,0.4828327000141144,588,216,627,309
95,chair,0.4762636423110962,111,566,310,781
95,backpack,0.4055105149745941,1725,676,1918,870
96,person,0.8852670192718506,1119,411,1712,986
96,person,0.8808539509773254,334,418,713,1066
96,person,0.8634598255157471,496,98,703,548
96,person,0.6984847784042358,1420,339,1698,598
96,chair,0.44739091396331787,98,414,324,781
96,chair,0.42556026577949524,110,566,311,783
97,person,0.8881019949913025,1120,409,1712,986
97,person,0.884787380695343,334,418,713,1066
97,person,0.8624200224876404,495,98,700,547
97,person,0.6743588447570801,1419,341,1698,596
97,chair,0.49838411808013916,98,413,325,781
97,chair,0.4332934021949768,110,566,315,782
98,person,0.8933402895927429,1120,404,1715,986
98,person,0.8832399249076843,334,420,714,1066
98,person,0.8465237617492676,490,98,697,546
98,person,0.6383286714553833,1412,342,1699,603
98,chair,0.487552672624588,98,413,325,780
98,chair,0.4585059881210327,110,567,314,782
99,person,0.8975799679756165,1118,404,1716,987
99,person,0.8574109673500061,334,422,712,1066
99,person,0.8387385010719299,488,98,695,545
99,person,0.643750786781311,1411,342,1696,598
99,chair,0.4538237154483795,97,413,328,778
99,chair,0.4163988530635834,110,568,314,779
100,person,0.8977838754653931,1119,403,1715,986
100,person,0.8566439747810364,485,100,694,549
100,person,0.8444660902023315,335,421,711,1065
100,person,0.5676317811012268,1410,341,1694,598
100,chair,0.48098018765449524,97,414,327,778
100,chair,0.4225934147834778,110,568,312,780
101,person,0.8996875882148743,1117,400,1714,991
101,person,0.8635202646255493,334,426,712,1066
101,person,0.834169864654541,485,100,689,545
101,person,0.6678622364997864,1402,340,1695,595
101,chair,0.517947256565094,97,412,329,780
102,person,0.9007248282432556,1118,397,1716,986
102,person,0.843425989151001,335,429,712,1065
102,person,0.7599001526832581,484,100,687,543
102,person,0.6883203983306885,1405,340,1691,595
102,chair,0.5458066463470459,97,413,333,783
103,person,0.9007421731948853,1116,395,1716,992
103,person,0.8297330737113953,335,428,712,1064
103,person,0.8224622011184692,482,101,685,541
103,person,0.5905800461769104,1399,340,1689,592
103,chair,0.5664095282554626,97,413,328,782
103,chair,0.40820711851119995,110,565,320,783
104,person,0.9042100310325623,1116,396,1719,986
104,person,0.8588906526565552,335,429,711,1063
104,person,0.8377844095230103,481,102,684,541
104,person,0.6694800853729248,1397,341,1688,591
104,chair,0.5428653359413147,98,414,328,781
105,person,0.903549313545227,1117,395,1716,985
105,person,0.8565611839294434,336,431,712,1063
105,person,0.8490808606147766,477,100,684,540
105,person,0.6328186988830566,1391,341,1689,592
105,chair,0.5551843047142029,97,414,328,780
106,person,0.897904098033905,1119,393,1716,986
106,person,0.8686560392379761,334,431,711,1064
106,person,0.8547587394714355,477,101,685,538
106,person,0.5935657620429993,1392,341,1681,581
106,chair,0.5367201566696167,97,414,328,780
106,chair,0.40697044134140015,110,565,321,781
107,person,0.8940088748931885,1119,393,1716,986
107,person,0.8797365427017212,334,428,712,1064
107,person,0.8665016889572144,475,101,682,539
107,person,0.5285135507583618,1399,342,1681,582
107,chair,0.5167787075042725,95,414,327,782
108,person,0.8949891328811646,1119,393,1713,985
108,person,0.8838510513305664,334,430,711,1064
108,person,0.8232153654098511,472,100,682,539
108,person,0.6302667856216431,1395,342,1687,592
108,chair,0.48853734135627747,95,414,329,781
108,chair,0.4041878283023834,110,561,321,782
109,person,0.8962976336479187,1119,393,1714,986
109,person,0.8891820907592773,333,423,711,1065
109,person,0.8266482353210449,471,100,678,551
109,person,0.6432601809501648,1389,342,1685,591
109,chair,0.5076844692230225,93,414,334,783
110,person,0.8983131647109985,1117,393,1712,986
110,person,0.8732728362083435,333,426,711,1065
110,person,0.8241980671882629,469,101,678,549
110,person,0.6406533122062683,1386,341,1687,597
110,chair,0.5167273879051208,92,414,333,783
111,person,0.8957160115242004,1118,391,1713,987
111,person,0.8886116743087769,333,422,710,1065
111,person,0.8356826901435852,467,100,678,550
111,person,0.68531733751297,1381,341,1687,596
111,chair,0.6065394282341003,88,414,329,783
111,tie,0.44334232807159424,543,220,585,313
112,person,0.9021764397621155,1117,391,1712,985
112,person,0.8312280774116516,333,422,701,1065
112,person,0.8298125863075256,466,102,676,550
112,person,0.7187191247940063,1384,340,1693,599
112,chair,0.5124294757843018,88,414,331,783
113,person,0.9001849293708801,1117,391,1706,985
113,person,0.8596189618110657,333,422,701,1064
113,person,0.8295164704322815,466,100,676,545
113,person,0.6231638789176941,1381,341,1693,594
113,chair,0.5229212641716003,88,414,329,786
114,person,0.9028091430664062,1117,391,1712,986
114,person,0.895133912563324,333,420,709,1063
114,person,0.8536834716796875,464,99,674,551
114,person,0.7924555540084839,1385,342,1690,596
114,chair,0.5352051258087158,86,414,330,787
115,person,0.9041024446487427,1117,390,1708,985
115,person,0.8854615688323975,333,421,706,1063
115,person,0.8801879286766052,462,99,676,557
115,person,0.7419187426567078,1384,340,1691,596
115,chair,0.5728552937507629,85,414,329,786
115,dining table,0.4036204516887665,881,804,1918,1073
116,person,0.905693769454956,1115,388,1707,991
116,person,0.8746150732040405,333,422,704,1062
116,person,0.8251713514328003,460,101,677,570
116,person,0.7551807165145874,1383,343,1684,599
116,chair,0.5398538708686829,85,414,328,785
117,person,0.910018801689148,1115,388,1706,991
117,person,0.8930917382240295,332,423,705,1064
117,person,0.8133530616760254,451,100,678,570
117,person,0.7023800015449524,1384,341,1688,596
117,chair,0.5130941271781921,84,415,324,787
117,dining table,0.40905120968818665,879,802,1918,1074
118,person,0.9068776965141296,1116,387,1707,991
118,person,0.8925546407699585,333,421,704,1064
118,person,0.837186336517334,444,104,674,560
118,person,0.7830047011375427,1382,343,1684,599
118,chair,0.5100184082984924,84,415,326,785
119,person,0.905077338218689,1117,388,1706,991
119,person,0.8374209403991699,336,421,707,1063
119,person,0.7960706353187561,1384,342,1684,597
119,person,0.7209044694900513,440,104,671,559
119,chair,0.5202136635780334,83,414,327,786
120,person,0.9079363942146301,1116,388,1707,991
120,person,0.8531845808029175,335,421,707,1063
120,person,0.8098167181015015,1385,340,1686,597
120,person,0.7750889658927917,440,103,671,555
120,chair,0.4865889251232147,84,414,329,788
120,dining table,0.4611465334892273,882,799,1918,1071
121,person,0.9086207151412964,1116,388,1704,990
121,person,0.8539057374000549,333,420,706,1064
121,person,0.8095570206642151,1384,341,1684,597
121,person,0.7413061261177063,439,103,669,555
121,chair,0.5137441754341125,83,414,330,787
121,dining table,0.41123300790786743,881,804,1918,1071
122,person,0.9069065451622009,1116,388,1704,989
122,person,0.860115110874176,332,422,705,1059
122,person,0.8221551179885864,1382,341,1684,597
122,person,0.8020169138908386,448,103,674,568
122,chair,0.46992748975753784,82,415,326,786
122,dining table,0.44134992361068726,883,801,1918,1071
123,person,0.9046471118927002,1116,390,1709,991
123,person,0.8713701367378235,333,422,703,1058
123,person,0.8323112726211548,1384,339,1684,596
123,person,0.7727984189987183,441,103,672,571
123,chair,0.5339863896369934,80,414,326,787
123,dining table,0.44517406821250916,883,804,1917,1072
124,person,0.9049539566040039,1116,390,1707,990
124,person,0.851776123046875,333,421,710,1058
124,person,0.8236395120620728,1383,339,1684,595
124,person,0.7870795726776123,439,103,669,553
124,chair,0.5429277420043945,78,414,327,787
124,dining table,0.45206746459007263,882,806,1917,1072
125,person,0.905443012714386,1117,391,1708,990
125,person,0.8569777607917786,333,421,708,1057
125,person,0.8333126902580261,440,101,671,556
125,person,0.8088566660881042,1384,338,1684,596
125,chair,0.5031095147132874,77,414,328,787
125,dining table,0.4340176582336426,883,803,1917,1072
126,person,0.9025036692619324,1116,390,1705,989
126,person,0.8567548990249634,328,426,705,1064
126,person,0.8270496129989624,443,102,669,543
126,person,0.8149130344390869,1383,338,1684,596
126,chair,0.4705723822116852,77,414,328,786
126,dining table,0.428666353225708,884,805,1917,1071
127,person,0.9022789001464844,1116,391,1705,989
127,person,0.8610913157463074,327,433,703,1062
127,person,0.8092048168182373,1386,338,1684,595
127,person,0.6736156940460205,451,100,672,548
127,chair,0.4719860553741455,75,415,329,787
127,dining table,0.43537208437919617,882,803,1917,1071
128,person,0.9044486284255981,1117,391,1706,991
128,person,0.8670722842216492,331,428,701,1064
128,person,0.8342406153678894,457,100,668,563
128,person,0.8053157925605774,1390,338,1682,595
128,chair,0.5397922396659851,73,414,330,784
128,dining table,0.48469698429107666,884,801,1917,1072
129,person,0.9066688418388367,1117,391,1706,990
129,person,0.844912052154541,329,427,693,1064
129,person,0.8128968477249146,1389,338,1683,594
129,person,0.8011400699615479,459,101,665,552
129,chair,0.4975030720233917,73,415,328,784
129,dining table,0.4463290572166443,885,801,1917,1072
130,person,0.8947558403015137,1117,390,1707,990
130,person,0.8606717586517334,461,102,664,541
130,person,0.8502056002616882,327,427,703,1064
130,person,0.8002004623413086,1390,338,1682,592
130,chair,0.4966624677181244,75,415,329,783
130,dining table,0.4022280275821686,887,801,1917,1072
131,person,0.9047781229019165,1116,390,1701,992
131,person,0.8633676767349243,327,428,706,1064
131,person,0.7910125255584717,464,99,667,534
131,person,0.7698707580566406,1391,339,1679,591
131,dining table,0.507743775844574,881,803,1917,1071
131,chair,0.4501832127571106,74,414,330,782
132,person,0.9092219471931458,1117,389,1706,990
132,person,0.8592846989631653,327,428,705,1066
132,person,0.8032525181770325,464,102,671,537
132,person,0.704917311668396,1391,338,1673,588
132,chair,0.49117380380630493,73,415,329,783
132,dining table,0.4106990098953247,890,801,1917,1071
133,person,0.9022504091262817,1116,390,1706,989
133,person,0.8414798378944397,327,427,705,1065
133,person,0.8101767897605896,464,105,675,550
133,person,0.6912441253662109,1385,338,1673,586
133,chair,0.49000120162963867,71,415,329,785
134,person,0.9113876819610596,1117,390,1706,988
134,person,0.842438280582428,326,427,700,1065
134,person,0.8071867227554321,466,104,676,555
134,person,0.7647820115089417,1388,338,1671,584
134,chair,0.5142936110496521,68,415,326,783
134,dining table,0.4544201195240021,893,798,1917,1072
135,person,0.9048253893852234,1117,390,1707,988
135,person,0.8455153703689575,324,424,704,1064
135,person,0.8298517465591431,471,103,680,552
135,person,0.7708554267883301,1388,337,1671,587
135,chair,0.512458324432373,66,414,323,780
135,dining table,0.45337551832199097,892,800,1917,1072
135,tie,0.44772258400917053,576,234,612,342
136,person,0.9063809514045715,1117,390,1706,988
136,person,0.8283971548080444,473,106,682,561
136,person,0.8037678003311157,324,422,706,1065
136,person,0.7901645302772522,1389,337,1671,587
136,chair,0.590071976184845,65,414,321,781
136,tv,0.44140663743019104,1086,113,1324,355
136,backpack,0.40557533502578735,1710,672,1855,845
137,person,0.9023049473762512,1117,391,1712,983
137,person,0.8675862550735474,474,106,699,574
137,person,0.8183972835540771,1384,338,1670,586
137,person,0.7883331179618835,323,426,706,1065
137,backpack,0.5780101418495178,1709,671,1855,845
137,chair,0.5418365001678467,63,414,321,783
138,person,0.9028176665306091,1117,392,1711,983
138,person,0.8644054532051086,477,108,703,582
138,person,0.8156148791313171,1380,337,1670,587
138,person,0.7924920916557312,322,429,706,1065
138,chair,0.5857564210891724,63,415,319,783
138,backpack,0.5401712656021118,1708,671,1858,845
138,tie,0.5026769638061523,585,245,623,347
138,dining table,0.40579119324684143,886,799,1917,1072
139,person,0.903775155544281,1116,391,1704,987
139,person,0.8858144879341125,479,108,708,591
139,person,0.8210623860359192,323,430,704,1062
139,person,0.8019723296165466,1379,337,1667,587
139,chair,0.5933578014373779,59,414,318,780
139,backpack,0.5161649584770203,1704,670,1855,844
139,dining table,0.40071430802345276,883,801,1916,1073
140,person,0.9023103713989258,1117,392,1710,982
140,person,0.8611566424369812,482,107,712,604
140,person,0.8329789042472839,323,427,706,1064
140,person,0.7628738880157471,1383,337,1668,583
140,chair,0.5791823863983154,60,414,317,784
140,backpack,0.5051326751708984,1703,670,1863,845
140,chair,0.45059430599212646,68,574,292,787
140,dining table,0.42566922307014465,883,802,1916,1073
140,tie,0.40659838914871216,593,242,633,346
141,person,0.9057316184043884,1116,393,1709,982
141,person,0.8320775628089905,324,427,708,1064
141,person,0.8176338076591492,483,105,718,618
141,person,0.7803152799606323,1384,336,1667,586
141,tie,0.5540381669998169,597,237,636,347
141,chair,0.5186281204223633,60,414,318,782
141,chair,0.47706353664398193,71,574,288,785
141,backpack,0.4762040078639984,1702,670,1862,846
141,dining table,0.41103363037109375,885,801,1916,1072
142,person,0.9073565006256104,1116,393,1706,982
142,person,0.8273372054100037,324,427,708,1065
142,person,0.8167826533317566,491,105,721,653
142,person,0.7966108918190002,1384,338,1669,586
142,tie,0.5927190184593201,601,239,642,347
142,chair,0.5470569729804993,71,574,284,775
142,chair,0.4437815845012665,282,416,478,735
142,chair,0.42996567487716675,59,414,316,773
142,dining table,0.4199157953262329,886,800,1916,1072
143,person,0.9054656624794006,1115,391,1705,982
143,person,0.8361719250679016,324,426,704,1063
143,person,0.8324263095855713,493,104,734,674
143,person,0.7840914726257324,1383,339,1668,584
143,chair,0.5046082139015198,71,575,285,786
143,chair,0.44540494680404663,59,414,316,782
143,dining table,0.4083103835582733,886,800,1916,1072
143,chair,0.40213581919670105,59,413,230,518
144,person,0.8996894359588623,1115,392,1705,983
144,person,0.8832690119743347,503,101,745,667
144,person,0.809405505657196,326,422,707,1063
144,person,0.7819972634315491,1381,339,1666,588
144,tie,0.6279470920562744,612,231,655,344
144,chair,0.5462708473205566,69,575,283,788
144,dining table,0.4484376907348633,883,800,1916,1072
144,chair,0.42947444319725037,58,414,313,785
145,person,0.9018121361732483,1114,392,1704,982
145,person,0.8687130808830261,510,101,750,665
145,person,0.8497083187103271,320,425,705,1066
145,person,0.8202614784240723,1381,339,1662,588
145,chair,0.5477855801582336,64,575,278,787
145,tie,0.5344581604003906,618,230,660,342
145,dining table,0.4859963357448578,885,799,1916,1073
145,chair,0.43326157331466675,55,414,303,784
146,person,0.9054216146469116,1114,392,1706,981
146,person,0.8710522055625916,511,98,754,666
146,person,0.8416600823402405,319,427,705,1065
146,person,0.8053178787231445,1386,339,1660,586
146,chair,0.5260013341903687,64,575,278,784
146,dining table,0.47726401686668396,884,798,1916,1073
146,chair,0.47140422463417053,52,414,305,781
147,person,0.9043653607368469,1114,392,1705,981
147,person,0.8619888424873352,517,98,760,670
147,person,0.8253697752952576,321,426,705,1064
147,person,0.8083565831184387,1385,339,1660,585
147,dining table,0.519601047039032,882,798,1916,1073
147,chair,0.48781636357307434,49,415,310,784
147,chair,0.47639408707618713,60,575,279,787
147,person,0.4436156153678894,317,427,695,752
148,person,0.9054536819458008,1112,392,1707,982
148,person,0.8426358103752136,322,425,705,1064
148,person,0.7957146763801575,1384,338,1659,586
148,person,0.6578424572944641,526,98,764,669
148,person,0.642325222492218,524,99,768,437
148,chair,0.5339455008506775,50,414,318,782
148,dining table,0.4702717661857605,884,798,1916,1074
149,person,0.9023692607879639,1112,392,1705,982
149,person,0.8267417550086975,322,425,704,1064
149,person,0.8188483715057373,530,96,771,672
149,person,0.7943782210350037,1386,337,1660,585
149,chair,0.5568262934684753,49,415,313,783
149,dining table,0.45265984535217285,884,798,1916,1072
149,backpack,0.43425166606903076,1700,670,1840,843
149,person,0.4276702404022217,316,427,693,754
150,person,0.8968783617019653,1112,391,1696,980
150,person,0.8446255326271057,319,424,706,1065
150,person,0.7851889729499817,1383,337,1660,584
150,person,0.7142159938812256,534,98,760,428
150,person,0.6211404800415039,532,96,771,671
150,chair,0.48827800154685974,49,414,311,790
150,dining table,0.43000534176826477,883,797,1917,1073
150,tie,0.41925498843193054,646,230,686,341
151,person,0.891038715839386,1112,392,1688,980
151,person,0.8695904612541199,322,422,701,1065
151,person,0.7901360988616943,1383,338,1660,583
151,person,0.7225330471992493,533,93,768,670
151,chair,0.5093797445297241,47,415,308,790
151,dining table,0.4855051338672638,883,794,1917,1072
151,chair,0.42446911334991455,55,569,277,792
151,tie,0.4010455012321472,647,229,690,341
152,person,0.888317883014679,1111,392,1682,980
152,person,0.8358047604560852,324,422,712,1065
152,person,0.8175837397575378,539,92,787,669
152,person,0.7852691411972046,1382,338,1660,585
152,dining table,0.5471329092979431,883,795,1918,1074
152,chair,0.47099819779396057,48,415,318,792
153,person,0.8991250395774841,1112,393,1689,978
153,person,0.8442423343658447,547,94,791,680
153,person,0.7957562208175659,1386,339,1660,585
153,person,0.7517309784889221,329,421,716,1062
153,dining table,0.5276583433151245,882,798,1918,1074
153,chair,0.429300457239151,48,414,323,790
154,person,0.8992812633514404,1111,393,1689,979
154,person,0.847032368183136,548,93,797,679
154,person,0.832086443901062,319,422,713,1065
154,person,0.7741303443908691,1385,340,1660,584
154,dining table,0.5131803750991821,881,798,1918,1075
154,tie,0.4569646120071411,656,228,706,342
154,chair,0.4135780334472656,46,414,319,790
155,person,0.8970023393630981,1111,392,1683,978
155,person,0.8596928715705872,550,93,799,684
155,person,0.790290355682373,324,424,716,1062
155,person,0.7323768734931946,1382,338,1660,583
155,tie,0.6309263706207275,667,230,709,341
155,dining table,0.4986230134963989,883,796,1918,1074
155,chair,0.4600967764854431,45,414,320,790
156,person,0.9047144055366516,1111,395,1678,977
156,person,0.860723614692688,554,91,800,689
156,person,0.7734096050262451,1387,341,1661,583
156,person,0.7721004486083984,323,424,715,1062
156,tie,0.5366314053535461,671,230,714,345
156,dining table,0.48721936345100403,886,792,1918,1074
156,chair,0.4215658903121948,42,414,321,788
156,chair,0.4026808738708496,50,576,275,790
157,person,0.905360996723175,1111,397,1674,976
157,person,0.8756177425384521,559,94,804,684
157,person,0.8159786462783813,321,422,718,1063
157,person,0.7502192258834839,1391,341,1660,584
157,tie,0.615054190158844,671,229,714,347
157,chair,0.4567972719669342,42,414,316,787
158,person,0.9021421074867249,1111,400,1672,976
158,person,0.8586238026618958,562,95,808,677
158,person,0.858149528503418,319,424,719,1063
158,person,0.7979430556297302,1394,339,1660,583
158,tie,0.765191376209259,675,232,719,348
158,dining table,0.5127783417701721,890,790,1918,1073
158,chair,0.4710787832736969,42,415,306,788
159,person,0.9054086804389954,1110,405,1669,979
159,person,0.8751896619796753,314,424,711,1063
159,person,0.8204284906387329,1395,339,1659,582
159,person,0.8002529740333557,560,97,811,686
159,tie,0.5322556495666504,670,231,723,356
159,chair,0.5302883982658386,40,415,306,786
159,dining table,0.5134788155555725,892,790,1918,1076
159,person,0.46401247382164,564,97,812,1034
160,person,0.8999062776565552,1110,407,1668,979
160,person,0.8519840836524963,566,94,813,677
160,person,0.8517299890518188,316,424,719,1061
160,person,0.7711241841316223,1407,339,1660,583
160,tie,0.6131948828697205,673,230,730,356
160,dining table,0.5022122263908386,893,790,1918,1075
160,chair,0.47118768095970154,41,415,312,788
160,dining table,0.451077938079834,214,609,1056,1064
161,person,0.9062768220901489,1111,409,1668,981
161,person,0.8611723184585571,319,423,733,1057
161,person,0.8429672122001648,565,97,815,683
161,person,0.7101224660873413,1409,337,1659,582
161,tie,0.7011268138885498,674,231,732,359
161,chair,0.49646276235580444,42,415,314,790
161,dining table,0.4889349937438965,895,788,1918,1075
162,person,0.905788242816925,1111,410,1669,980
162,person,0.8339210748672485,568,101,811,680
162,person,0.8207896947860718,327,424,745,1061
162,tie,0.6618027687072754,673,239,736,366
162,person,0.6515876054763794,1408,338,1658,581
162,person,0.5699805021286011,569,98,812,1010
162,chair,0.49845731258392334,41,416,319,791
162,dining table,0.4887967109680176,896,791,1918,1074
163,person,0.9041523337364197,1111,411,1674,980
163,person,0.8422142267227173,324,426,758,1058
163,person,0.6674821972846985,571,102,815,687
163,person,0.6601179838180542,1408,336,1657,581
163,person,0.5816546082496643,572,99,816,990
163,tie,0.5182798504829407,685,245,740,369
163,dining table,0.4963560700416565,894,791,1918,1075
163,chair,0.40265294909477234,40,415,214,520
164,person,0.8994091153144836,1114,414,1673,977
164,person,0.8404442667961121,325,427,767,1063
164,person,0.7633614540100098,571,105,817,671
164,person,0.6424506306648254,1413,338,1656,579
164,person,0.5692360997200012,572,101,816,925
164,dining table,0.500717282295227,894,791,1918,1074
164,tie,0.4995559751987457,694,242,741,368
164,chair,0.47356054186820984,40,416,327,790
165,person,0.9041360020637512,1115,415,1674,976
165,person,0.8422236442565918,573,106,820,672
165,person,0.8355258703231812,326,424,776,1064
165,tie,0.7480758428573608,690,246,747,374
165,person,0.725256621837616,1423,337,1655,579
165,dining table,0.529182493686676,894,792,1918,1074
165,chair,0.4753606617450714,42,416,325,789
166,person,0.9022231101989746,1116,416,1677,976
166,person,0.8371434211730957,576,106,828,679
166,person,0.8362982273101807,328,430,777,1061
166,person,0.754883348941803,1424,337,1654,579
166,dining table,0.499969482421875,892,794,1918,1073
166,chair,0.48789680004119873,40,416,211,518
166,chair,0.47381433844566345,42,416,326,790
166,person,0.40378081798553467,515,417,805,1059
167,person,0.8939975500106812,1116,421,1674,975
167,person,0.7316275835037231,328,431,767,1065
167,person,0.6667213439941406,1422,337,1654,581
167,person,0.6075887084007263,581,107,839,665
167,person,0.5946276783943176,580,106,836,1022
167,chair,0.5125293135643005,41,416,328,788
167,dining table,0.42860451340675354,890,791,1918,1074
168,person,0.902035653591156,1115,421,1673,977
168,person,0.7701534032821655,580,109,836,1019
168,person,0.7071230411529541,337,428,769,1058
168,person,0.5795884132385254,1423,340,1657,577
168,dining table,0.46753570437431335,885,789,1918,1074
169,person,0.907210111618042,1115,425,1669,976
169,person,0.7842940092086792,331,433,777,1055
169,person,0.775280773639679,1422,340,1653,584
169,person,0.7496413588523865,586,109,838,1020
169,person,0.5937950611114502,588,112,836,679
169,chair,0.5211988091468811,43,416,325,790
169,dining table,0.4276239275932312,906,789,1919,1078
170,person,0.8970211148262024,1115,429,1669,975
170,person,0.8145231604576111,328,430,772,1065
170,person,0.7368478775024414,1418,342,1653,583
170,person,0.7077983617782593,589,110,848,1019
170,chair,0.6462106108665466,37,416,309,793
170,dining table,0.4782485067844391,917,786,1919,1078
171,person,0.8898633122444153,1116,435,1672,974
171,person,0.8479667901992798,321,430,781,1064
171,person,0.6493555307388306,592,111,852,674
171,person,0.5491970181465149,591,113,853,911
171,dining table,0.5446198582649231,880,788,1919,1074
171,person,0.5125946998596191,1420,341,1651,583
171,chair,0.47700414061546326,36,416,307,795
171,chair,0.433694064617157,48,576,270,795
172,person,0.9073056578636169,1114,436,1664,975
172,person,0.868052065372467,316,430,786,1063
172,person,0.7150813341140747,1418,338,1651,584
172,person,0.593803882598877,591,113,851,672
172,person,0.5130492448806763,589,115,851,994
172,dining table,0.5068909525871277,882,784,1918,1074
172,chair,0.40267184376716614,34,416,329,794
173,person,0.9016797542572021,1114,440,1663,976
173,person,0.8813657164573669,317,429,788,1064
173,person,0.724252462387085,594,109,850,663
173,person,0.7014269232749939,1419,340,1650,583
173,chair,0.5277025699615479,37,418,313,797
173,dining table,0.510201096534729,895,786,1918,1074
173,person,0.41052550077438354,594,111,850,975
174,person,0.899835467338562,1114,439,1662,976
174,person,0.7823596596717834,590,115,851,1014
174,person,0.7803744673728943,318,430,759,1064
174,person,0.6984396576881409,1420,340,1646,582
174,chair,0.5371648073196411,35,418,314,794
174,dining table,0.5163971781730652,895,787,1918,1073
175,person,0.8941587209701538,1114,440,1666,977
175,person,0.8315458297729492,316,425,787,1064
175,person,0.7137364745140076,1419,340,1645,582
175,person,0.6089009642601013,596,119,855,1019
175,chair,0.5302620530128479,35,418,311,793
175,dining table,0.4896150529384613,895,787,1918,1074
175,chair,0.45049384236335754,33,416,206,521
175,tie,0.4480220079421997,718,273,785,406
176,person,0.880377471446991,1115,441,1666,978
176,person,0.7924455404281616,595,118,855,1018
176,person,0.6915018558502197,317,427,711,1062
176,tie,0.6168426871299744,736,275,791,422
176,chair,0.5151243209838867,29,417,285,792
176,person,0.4951116144657135,1416,340,1644,585
176,dining table,0.4915822446346283,889,782,1919,1074
176,chair,0.4603436291217804,44,574,269,795
176,chair,0.4460311532020569,31,416,205,522
177,person,0.8849031329154968,1114,441,1662,979
177,person,0.8109172582626343,318,428,779,1062
177,person,0.7975232601165771,603,118,862,1020
177,chair,0.6131361126899719,29,417,287,793
177,person,0.5327514410018921,1417,340,1644,585
177,tie,0.47931215167045593,741,283,790,423
177,dining table,0.47921910881996155,896,788,1918,1074
178,person,0.891215443611145,1114,441,1663,980
178,person,0.8080628514289856,318,429,782,1056
178,person,0.7696809768676758,607,125,860,1021
178,person,0.5391362905502319,1414,340,1643,584
178,dining table,0.5057967901229858,897,784,1919,1073
178,chair,0.49102044105529785,25,418,294,792
178,chair,0.4465002715587616,43,573,272,795
178,chair,0.4047735631465912,28,417,203,522
179,person,0.8773552179336548,1113,441,1665,981
179,person,0.8327877521514893,318,425,791,1056
179,chair,0.5603082776069641,27,418,286,792
179,person,0.5196989178657532,615,127,867,662
179,person,0.5147147178649902,1416,339,1641,582
179,dining table,0.4947720170021057,892,788,1918,1073
179,person,0.4932750463485718,610,128,869,1021
180,person,0.8899039030075073,1113,440,1667,979
180,person,0.852074921131134,317,425,787,1057
180,person,0.7335153818130493,1417,337,1642,582
180,person,0.6274361610412598,614,126,871,1024
180,chair,0.5461382865905762,27,418,281,790
180,person,0.49683237075805664,617,130,869,666
180,dining table,0.48044949769973755,893,789,1918,1072
180,chair,0.4121716320514679,28,417,202,521
181,person,0.8937224745750427,1109,440,1666,981
181,person,0.8377234935760498,312,424,788,1058
181,person,0.7677399516105652,616,131,873,1023
181,person,0.712527871131897,1417,336,1640,581
181,chair,0.5265418887138367,25,418,289,791
181,dining table,0.4726514220237732,895,789,1918,1072
182,person,0.9017977118492126,1110,439,1666,981
182,person,0.8135706186294556,615,139,872,1022
182,person,0.7739610075950623,314,424,777,1056
182,chair,0.5418921113014221,23,418,288,794
182,person,0.5405404567718506,1416,339,1638,579
182,dining table,0.511770486831665,890,785,1919,1073
183,person,0.8983915448188782,1109,434,1667,981
183,person,0.8534066081047058,616,140,872,1021
183,person,0.6997102499008179,313,422,649,1063
183,person,0.6845207810401917,1416,339,1638,577
183,chair,0.5752073526382446,23,418,288,794
183,dining table,0.42555031180381775,897,788,1918,1074
184,person,0.8972911238670349,1110,433,1667,982
184,person,0.85069739818573,617,143,874,1029
184,person,0.6947715878486633,1417,338,1637,577
184,person,0.6833791136741638,317,427,662,1063
184,chair,0.5788148045539856,21,418,293,793
184,dining table,0.4391823709011078,895,788,1918,1073
184,chair,0.40158236026763916,23,418,199,521
185,person,0.8977140188217163,1109,425,1667,981
185,person,0.8572668433189392,613,150,874,1014
185,person,0.6575692296028137,317,427,685,1062
185,person,0.6441546082496643,1417,335,1634,575
185,chair,0.5801945328712463,19,418,298,795
185,dining table,0.5090360641479492,897,792,1918,1074
186,person,0.9021900296211243,1108,423,1667,983
186,person,0.8741880655288696,614,152,875,1004
186,person,0.7271544933319092,1415,335,1635,576
186,person,0.6218757629394531,311,427,674,1061
186,dining table,0.5000860691070557,896,789,1918,1073
186,chair,0.4986244738101959,16,418,293,793
187,person,0.8953118920326233,1105,419,1669,981
187,person,0.8946926593780518,615,149,874,1020
187,person,0.7170224189758301,310,428,677,1059
187,person,0.6571266651153564,1412,337,1635,576
187,chair,0.5428999066352844,15,418,296,796
187,dining table,0.5169804096221924,897,791,1918,1073
188,person,0.9019525647163391,611,154,873,1027
188,person,0.898980975151062,1105,415,1669,981
188,person,0.6237605810165405,305,425,664,1062
188,chair,0.5468073487281799,15,418,281,794
188,person,0.5462865233421326,1401,338,1634,580
188,dining table,0.5217656493186951,896,791,1918,1072
189,person,0.901614785194397,612,155,876,1028
189,person,0.8929486870765686,1107,416,1669,979
189,person,0.5701431632041931,303,425,668,1062
189,person,0.5534773468971252,1399,336,1632,581
189,chair,0.5491823554039001,14,418,280,792
189,dining table,0.5154435634613037,900,791,1918,1072
190,person,0.8855336308479309,612,156,874,1023
190,person,0.8852148056030273,1103,411,1671,977
190,person,0.6199767589569092,1390,339,1630,578
190,person,0.5978760719299316,305,426,761,1061
190,chair,0.5103216171264648,13,418,279,795
190,dining table,0.5031886696815491,916,787,1919,1073
191,person,0.8884201645851135,611,158,875,1025
191,person,0.886543333530426,1106,407,1670,978
191,person,0.7128255367279053,1385,339,1623,573
191,person,0.640122652053833,302,426,616,1063
191,dining table,0.5385953783988953,898,791,1918,1072
191,chair,0.4998537600040436,14,418,279,795
191,chair,0.4283464252948761,32,578,258,797
192,person,0.888600766658783,607,158,875,1021
192,person,0.8801970481872559,1105,403,1670,981
192,person,0.7565156817436218,1378,337,1618,568
192,person,0.666409432888031,305,424,629,1059
192,chair,0.5579229593276978,14,418,294,794
192,dining table,0.551999568939209,892,788,1919,1070
193,person,0.8879689574241638,606,157,876,1018
193,person,0.8752830624580383,1102,403,1675,979
193,person,0.729328989982605,1372,335,1604,566
193,person,0.6195976138114929,310,426,702,1058
193,chair,0.5592221021652222,15,418,286,793
193,dining table,0.552265465259552,887,787,1920,1071
194,person,0.887620747089386,607,154,877,1017
194,person,0.8714048266410828,1102,399,1675,975
194,person,0.7163538336753845,1368,335,1604,566
194,person,0.6463313698768616,310,426,714,1059
194,chair,0.6040786504745483,13,418,295,792
194,dining table,0.5544468760490417,891,791,1918,1072
195,person,0.8875396251678467,608,152,875,1018
195,person,0.8841428756713867,1102,396,1671,976
195,person,0.7062793970108032,1366,335,1612,569
195,person,0.6781964898109436,310,422,661,1060
195,chair,0.6073369383811951,13,418,285,793
195,dining table,0.5193459987640381,894,791,1918,1072
196,person,0.8842569589614868,1101,396,1674,982
196,person,0.8757036924362183,607,150,876,1022
196,person,0.6878250241279602,1362,334,1611,572
196,chair,0.6711627840995789,12,418,293,793
196,person,0.6508740782737732,306,422,665,1060
196,dining table,0.5290330052375793,882,786,1919,1071
196,chair,0.4373842775821686,19,417,192,523
197,person,0.8763516545295715,1102,396,1674,983
197,person,0.8751375079154968,609,146,875,1020
197,person,0.6897473335266113,1355,334,1609,570
197,chair,0.6816924214363098,12,418,288,794
197,person,0.6363964676856995,312,422,682,1061
197,dining table,0.5713006854057312,883,785,1919,1071
198,person,0.8769615292549133,1104,396,1674,982
198,person,0.8688836693763733,608,144,875,1018
198,person,0.6812936663627625,1355,334,1611,572
198,person,0.6633799076080322,313,421,752,1054
198,chair,0.6226058602333069,10,418,300,792
198,dining table,0.5860143899917603,880,785,1920,1072
199,person,0.8838319182395935,1104,395,1673,980
199,person,0.8749216794967651,612,143,877,1017
199,person,0.698860228061676,1351,333,1617,573
199,person,0.6738638877868652,312,420,776,1048
199,chair,0.6107158660888672,10,418,300,791
199,dining table,0.5903323292732239,880,782,1920,1071
200,person,0.882716715335846,1103,392,1672,981
200,person,0.8735290765762329,604,142,878,1016
200,person,0.6861379146575928,310,420,771,1048
200,person,0.6608996987342834,1351,334,1625,575
200,chair,0.6113551259040833,9,417,299,789
200,dining table,0.5948473215103149,879,783,1920,1071
201,person,0.8906607627868652,604,142,879,1017
201,person,0.8806111812591553,1102,391,1670,981
201,person,0.6877942085266113,1348,334,1626,571
201,person,0.6591877937316895,310,419,664,1060
201,chair,0.6368137001991272,8,417,284,790
201,dining table,0.6006492972373962,880,785,1920,1071
202,person,0.8850670456886292,604,143,879,1018
202,person,0.8788689374923706,1104,391,1671,980
202,person,0.6909276843070984,1349,331,1625,570
202,chair,0.6818689703941345,8,417,297,793
202,person,0.6447957158088684,308,418,668,1059
202,dining table,0.5839168429374695,882,784,1920,1071
203,person,0.8854619264602661,611,142,878,1018
203,person,0.8748992085456848,1105,391,1669,977
203,person,0.7297409176826477,312,417,732,1052
203,chair,0.713323712348938,7,417,289,795
203,person,0.6969306468963623,1348,334,1625,572
203,dining table,0.5817878246307373,884,785,1920,1071
204,person,0.8922207951545715,611,143,879,1018
204,person,0.8684184551239014,1105,391,1669,979
204,person,0.7208471894264221,308,417,691,1063
204,person,0.7066837549209595,1348,337,1625,569
204,chair,0.6891612410545349,7,417,289,793
204,dining table,0.5665932297706604,887,786,1920,1071
205,person,0.8988741040229797,613,142,883,1017
205,person,0.8648561239242554,1106,391,1669,980
205,person,0.7769042253494263,310,419,688,1063
205,chair,0.7441248893737793,7,417,273,792
205,person,0.7279466390609741,1351,336,1625,570
205,dining table,0.6020628809928894,884,787,1920,1073
206,person,0.8985804319381714,616,148,884,1019
206,person,0.8644641637802124,1107,391,1669,979
206,person,0.7547755837440491,311,420,709,1061
206,chair,0.728515088558197,6,417,273,792
206,person,0.71497642993927,1351,334,1625,574
206,dining table,0.5803554058074951,886,787,1920,1072
207,person,0.8892422318458557,617,150,885,1018
207,person,0.868370532989502,1105,391,1671,981
207,person,0.7106785178184509,313,419,745,1057
207,chair,0.7015312314033508,6,417,288,791
207,person,0.6960369944572449,1349,338,1624,572
207,dining table,0.5742011666297913,886,785,1920,1072
208,person,0.8723931312561035,1102,393,1670,982
208,person,0.8695032000541687,618,150,884,1017
208,person,0.8045380115509033,310,417,701,1063
208,chair,0.71944659948349,7,417,268,795
208,person,0.6939371824264526,1353,338,1624,571
208,dining table,0.5686761736869812,889,786,1920,1072
209,person,0.9080318808555603,616,150,886,1017
209,person,0.8736312985420227,1102,393,1671,982
209,person,0.8202905058860779,309,417,688,1063
209,person,0.7111902236938477,1354,337,1622,569
209,chair,0.6785444617271423,8,417,270,796
209,dining table,0.5910959839820862,889,785,1920,1072
210,person,0.9014140963554382,618,150,890,1019
210,person,0.8756487369537354,1102,395,1674,981
210,person,0.8505544662475586,310,417,691,1065
210,chair,0.7142769694328308,6,417,270,789
210,person,0.7049123644828796,1358,338,1625,575
210,dining table,0.5722460746765137,895,788,1918,1073
211,person,0.9056848287582397,621,149,898,1021
211,person,0.8687084913253784,1104,396,1673,980
211,person,0.7956794500350952,311,418,711,1063
211,person,0.7624112367630005,1361,336,1628,578
211,chair,0.7248504161834717,6,417,264,792
211,dining table,0.5836173295974731,885,784,1920,1073
212,person,0.8796886205673218,1108,397,1673,980
212,person,0.8723217248916626,624,146,898,1019
212,person,0.7427440285682678,309,417,727,1058
212,chair,0.7291573286056519,5,417,275,787
212,person,0.7112866640090942,1359,332,1627,580
212,dining table,0.5518004298210144,892,788,1918,1073
213,person,0.8843258619308472,1110,399,1672,979
213,person,0.8726086616516113,625,147,897,1018
213,person,0.7552853226661682,312,420,771,1053
213,chair,0.7136097550392151,5,417,267,790
213,person,0.710442304611206,1362,331,1631,580
213,dining table,0.5273292660713196,892,787,1918,1074
214,person,0.8758472800254822,1111,403,1677,975
214,person,0.821599006652832,633,142,908,1020
214,person,0.7576112151145935,311,419,776,1053
214,person,0.7048407793045044,1372,331,1630,583
214,chair,0.7026257514953613,5,418,262,792
214,dining table,0.5475513935089111,896,788,1918,1074
215,person,0.8776034712791443,1111,406,1675,975
215,person,0.7686108350753784,638,143,908,1018
215,person,0.7479149699211121,310,419,783,1052
215,chair,0.7222099900245667,4,418,274,792
215,person,0.672693133354187,1380,333,1631,580
215,dining table,0.5518775582313538,897,785,1920,1073
216,person,0.8877900242805481,1112,406,1678,973
216,person,0.8238075971603394,625,139,915,1009
216,person,0.7975350022315979,308,417,787,1057
216,chair,0.7424970269203186,3,418,260,792
216,person,0.7040395140647888,1387,333,1631,580
216,dining table,0.5527259707450867,899,789,1918,1074
217,person,0.8801851272583008,1111,405,1679,975
217,person,0.8650867938995361,626,139,920,1010
217,person,0.7813562154769897,308,417,782,1058
217,person,0.7736766934394836,1394,332,1625,579
217,chair,0.743563711643219,3,418,258,792
217,dining table,0.5541523694992065,898,790,1918,1074
218,person,0.8840232491493225,1112,404,1681,975
218,person,0.8324105143547058,626,140,921,1008
218,person,0.8165592551231384,308,418,793,1056
218,person,0.7884247303009033,1396,333,1625,577
218,chair,0.757476270198822,2,418,253,791
218,dining table,0.5355281829833984,897,789,1918,1075
219,person,0.8901606798171997,1113,404,1684,974
219,person,0.8386303186416626,625,142,925,1012
219,person,0.8069719076156616,1401,333,1625,577
219,chair,0.7691584825515747,2,418,253,794
219,person,0.7474322319030762,311,416,779,1058
219,dining table,0.5390533208847046,898,788,1920,1073
220,person,0.8885375261306763,1114,407,1687,975
220,person,0.8727708458900452,630,142,923,1006
220,chair,0.8065696954727173,1,418,253,795
220,person,0.8036990761756897,1400,333,1625,577
220,person,0.6888489127159119,308,418,724,1057
220,dining table,0.5126596093177795,898,790,1918,1074
221,person,0.9026210308074951,1115,409,1686,974
221,person,0.8571032285690308,632,141,921,1003
221,person,0.8075947165489197,1401,332,1626,576
221,chair,0.7768513560295105,1,418,262,795
221,person,0.6976930499076843,308,415,744,1060
221,dining table,0.47445520758628845,898,789,1918,1075
222,person,0.8957526683807373,1116,411,1688,972
222,person,0.8603681325912476,638,138,927,987
222,chair,0.8055944442749023,1,418,256,796
222,person,0.7667452692985535,310,417,763,1060
222,person,0.7427322268486023,1397,331,1625,577
222,dining table,0.4685533344745636,901,790,1918,1076
223,person,0.8594893217086792,1118,413,1687,973
223,person,0.8448300361633301,640,137,929,985
223,chair,0.768750011920929,3,419,254,803
223,person,0.7434024810791016,311,416,725,1059
223,person,0.6473639607429504,1398,331,1625,576
223,dining table,0.5161701440811157,904,789,1918,1075
224,person,0.8876394033432007,1117,414,1688,975
224,person,0.8567564487457275,643,137,938,994
224,chair,0.7543423175811768,3,419,253,802
224,person,0.7084462642669678,311,416,740,1058
224,person,0.7027348279953003,1399,330,1625,574
224,dining table,0.5132125616073608,900,787,1918,1074
225,person,0.8787248730659485,1118,415,1689,974
225,person,0.8466553688049316,641,137,943,986
225,chair,0.7559151649475098,2,419,251,804
225,person,0.7070198655128479,310,416,717,1058
225,person,0.6516687870025635,1398,332,1623,573
225,dining table,0.49634379148483276,897,785,1918,1074
226,person,0.8629234433174133,1120,419,1689,974
226,person,0.8510779142379761,650,131,949,999
226,chair,0.7494619488716125,2,420,250,800
226,person,0.7110446691513062,310,415,709,1057
226,person,0.572218120098114,1396,331,1626,573
226,dining table,0.513286292552948,903,786,1918,1074
227,person,0.8702623248100281,1119,421,1689,975
227,person,0.8560276031494141,656,132,953,1009
227,person,0.7672126293182373,310,414,767,1059
227,chair,0.7384525537490845,2,420,251,797
227,dining table,0.5268217325210571,903,785,1918,1074
227,person,0.4651033580303192,1393,332,1622,574
228,person,0.8844738006591797,1121,424,1690,977
228,person,0.8358880281448364,660,133,958,1009
228,chair,0.735856294631958,2,420,252,791
228,person,0.7148078083992004,311,416,770,1055
228,dining table,0.5221945643424988,903,791,1918,1074
228,person,0.4030608832836151,1399,331,1625,568
229,person,0.893135130405426,1120,426,1692,978
229,person,0.8145135045051575,662,135,966,986
229,person,0.7276789546012878,307,410,718,1059
229,chair,0.6982792019844055,2,420,253,795
229,dining table,0.5174065828323364,903,793,1918,1073
229,person,0.4571200907230377,1398,327,1594,554
230,person,0.8843098878860474,1121,428,1692,977
230,person,0.8044439554214478,664,133,967,998
230,person,0.6897209882736206,307,409,749,1062
230,dining table,0.5243789553642273,904,791,1918,1074
230,chair,0.4785490036010742,0,421,266,787
231,person,0.8628879189491272,1125,398,1691,975
231,person,0.7620404362678528,305,410,773,1061
231,person,0.7325136065483093,665,132,956,1001
231,dining table,0.5010838508605957,907,792,1918,1074
231,chair,0.459568053483963,0,421,259,785
232,person,0.8796321153640747,1126,436,1692,977
232,person,0.7558162212371826,674,132,961,997
232,person,0.74567711353302,305,409,760,1061
232,dining table,0.5084367394447327,904,789,1918,1073
232,chair,0.4281473457813263,0,419,254,807
233,person,0.8730526566505432,1127,437,1689,980
233,person,0.6922721862792969,682,133,959,948
233,person,0.6808651685714722,298,408,696,1063
233,dining table,0.5412285327911377,905,789,1919,1073
233,chair,0.48591887950897217,0,418,263,804
234,person,0.8841903209686279,1127,418,1696,976
234,person,0.7226152420043945,686,132,965,998
234,person,0.6931486129760742,297,407,697,1064
234,dining table,0.4998117685317993,904,792,1919,1073
234,chair,0.4529455602169037,0,419,263,797
235,person,0.8839683532714844,1125,441,1691,979
235,person,0.7702080011367798,302,410,731,1063
235,person,0.6783303022384644,696,133,976,989
235,dining table,0.5289899110794067,901,794,1919,1074
235,person,0.44423750042915344,704,132,966,659
235,chair,0.4396783709526062,0,418,252,805
236,person,0.8760335445404053,1128,443,1690,979
236,person,0.7798872590065002,302,410,727,1063
236,person,0.6312237977981567,701,134,979,999
236,person,0.5305516719818115,1293,328,1621,576
236,dining table,0.5124838352203369,903,793,1918,1074
236,chair,0.45932456851005554,0,419,248,799
237,person,0.8918588757514954,1127,438,1689,979
237,person,0.7701735496520996,305,410,737,1062
237,person,0.606553852558136,716,133,989,952
237,dining table,0.4958590269088745,901,791,1918,1073
237,person,0.4358821213245392,1299,329,1619,570
238,person,0.895113468170166,1128,445,1691,976
238,person,0.7616313099861145,305,407,720,1061
238,person,0.6863642930984497,727,130,999,935
238,person,0.5383228659629822,1309,330,1617,574
238,dining table,0.4975354075431824,906,788,1920,1072
239,person,0.8905906677246094,1128,448,1690,980
239,person,0.7255504131317139,741,133,1005,990
239,person,0.7123515009880066,305,404,734,1057
239,dining table,0.47536951303482056,903,789,1918,1073
239,person,0.42304685711860657,1302,330,1616,572
239,chair,0.42224040627479553,0,419,287,788
240,person,0.890723705291748,1130,451,1690,981
240,person,0.7964478731155396,301,406,687,1061
240,person,0.7613779306411743,746,132,1015,1004
240,person,0.5732648372650146,1302,328,1617,576
240,chair,0.528574526309967,0,420,255,789
240,dining table,0.48395684361457825,905,790,1918,1074
241,person,0.8824958205223083,1130,455,1689,982
241,person,0.8538379669189453,298,402,682,1057
241,person,0.7660729289054871,754,128,1025,989
241,chair,0.6050613522529602,0,419,264,789
241,person,0.5625202655792236,1311,330,1616,573
241,dining table,0.5249553918838501,903,791,1918,1074
242,person,0.8654212951660156,1130,454,1694,978
242,person,0.8372270464897156,299,399,681,1058
242,person,0.7790831327438354,739,128,1038,1032
242,chair,0.5929493308067322,0,418,255,783
242,dining table,0.49513494968414307,902,792,1918,1074
243,person,0.8623743057250977,1132,462,1690,980
243,person,0.8083901405334473,300,398,704,1054
243,person,0.7435874938964844,776,128,1048,1003
243,chair,0.5500683188438416,0,420,258,782
243,dining table,0.47210729122161865,903,792,1918,1074
243,person,0.4540790915489197,1287,332,1594,565
243,chair,0.41084226965904236,4,579,243,800
244,person,0.8559221625328064,1132,461,1690,976
244,person,0.8452650904655457,301,397,682,1056
244,person,0.7734400033950806,761,127,1069,1035
244,chair,0.590522289276123,0,420,256,783
244,person,0.5352307558059692,1304,331,1612,570
244,dining table,0.49685138463974,908,790,1917,1074
245,person,0.8735616207122803,300,399,682,1061
245,person,0.8689309358596802,1132,465,1695,976
245,person,0.6588301658630371,793,125,1079,997
245,chair,0.5915617346763611,0,418,249,779
245,dining table,0.5460677146911621,910,790,1918,1074
245,person,0.48603734374046326,1291,330,1605,570
245,tie,0.44969412684440613,972,277,1030,395
246,person,0.8750541806221008,298,395,681,1060
246,person,0.8699133992195129,1132,467,1695,978
246,person,0.7121803164482117,796,122,1082,1008
246,chair,0.640851616859436,0,419,255,785
246,dining table,0.551389753818512,908,789,1917,1074
247,person,0.8850820660591125,298,396,678,1061
247,person,0.8630772829055786,1133,470,1690,974
247,person,0.7341540455818176,804,121,1091,1000
247,chair,0.6134400963783264,0,418,249,779
247,dining table,0.4999828338623047,909,789,1919,1077
248,person,0.8606831431388855,296,394,679,1061
248,person,0.85069739818573,1132,472,1690,975
248,person,0.6587850451469421,809,116,1099,979
248,chair,0.5944871306419373,0,419,247,787
248,dining table,0.5069090723991394,916,789,1919,1077
248,person,0.4282044470310211,828,115,1097,708
248,chair,0.4012207090854645,5,579,241,804
249,person,0.8674770593643188,297,394,682,1059
249,person,0.8593064546585083,1131,473,1688,973
249,person,0.7738855481147766,780,114,1103,971
249,chair,0.595154345035553,0,419,244,788
249,dining table,0.5124320387840271,912,787,1918,1077
250,person,0.8815184235572815,296,394,686,1058
250,person,0.8621307611465454,1130,473,1688,974
250,person,0.7871176600456238,797,111,1112,949
250,chair,0.6397651433944702,0,420,246,805
250,dining table,0.5057103633880615,900,788,1918,1077
251,person,0.8759195804595947,809,108,1118,947
251,person,0.8702276945114136,1129,480,1688,974
251,person,0.8319225907325745,295,393,683,1062
251,chair,0.5856064558029175,0,419,242,789
251,dining table,0.5251540541648865,905,786,1917,1075
251,person,0.5084609389305115,1268,329,1595,566
252,person,0.8813969492912292,1130,479,1692,977
252,person,0.8637242913246155,293,393,685,1063
252,person,0.8128894567489624,839,106,1122,945
252,person,0.6830938458442688,1268,331,1594,566
252,dining table,0.5781068801879883,902,783,1920,1072
252,chair,0.5707923769950867,0,418,242,798
253,person,0.8847730159759521,1131,480,1689,974
253,person,0.8350799679756165,292,391,679,1062
253,person,0.7979753613471985,853,105,1128,910
253,person,0.7315975427627563,1268,330,1593,565
253,dining table,0.5685330033302307,903,784,1920,1073
253,chair,0.5364533066749573,0,419,254,794
254,person,0.870372474193573,1135,484,1689,971
254,person,0.8645467162132263,289,388,676,1064
254,person,0.8611000180244446,860,106,1137,922
254,person,0.733950138092041,1268,329,1594,565
254,dining table,0.5794417858123779,903,783,1920,1073
254,chair,0.5433675646781921,0,418,253,791
255,person,0.874665379524231,292,389,675,1058
255,person,0.8648367524147034,1139,485,1686,961
255,person,0.7765269875526428,865,107,1140,916
255,chair,0.670349657535553,0,419,255,807
255,person,0.6008960604667664,1274,329,1596,567
255,bottle,0.5215582847595215,788,370,815,434
255,dining table,0.5121198892593384,907,785,1917,1074
256,person,0.901729166507721,290,387,675,1056
256,person,0.8700335025787354,1134,485,1686,970
256,chair,0.7318879961967468,0,419,250,806
256,person,0.692688524723053,873,107,1142,662
256,person,0.5958238244056702,1262,330,1598,567
256,dining table,0.48366910219192505,907,784,1917,1074
256,tie,0.46767228841781616,1054,254,1097,371
256,book,0.4074217975139618,409,684,648,781
256,person,0.401229590177536,869,105,1149,921
257,person,0.9003934264183044,291,388,671,1056
257,person,0.8560585975646973,1135,485,1689,971
257,person,0.717376708984375,878,104,1154,1027
257,chair,0.6993705034255981,0,419,247,806
257,person,0.5650580525398254,1262,330,1596,565
257,dining table,0.5397099256515503,906,786,1917,1074
257,book,0.4321414530277252,407,685,648,780
258,person,0.8886604309082031,290,388,677,1058
258,person,0.8622469902038574,1132,485,1688,971
258,chair,0.7439049482345581,0,421,236,808
258,person,0.71927809715271,882,103,1157,1009
258,person,0.5989367961883545,1258,330,1595,566
258,dining table,0.525216281414032,905,788,1917,1074
259,person,0.8873366117477417,287,387,675,1057
259,person,0.8601798415184021,1152,485,1686,961
259,chair,0.7241676449775696,0,421,233,808
259,person,0.6916664838790894,887,103,1156,1003
259,person,0.5716975927352905,1257,330,1596,565
259,dining table,0.5214684009552002,905,785,1917,1074
260,person,0.8774316310882568,288,385,671,1061
260,person,0.8649977445602417,1152,487,1686,960
260,person,0.7938824892044067,882,100,1158,909
260,chair,0.7100053429603577,0,422,232,806
260,tie,0.5972621440887451,1070,252,1117,381
260,person,0.5371479988098145,1255,328,1595,565
260,dining table,0.5182860493659973,900,782,1917,1074
261,person,0.8727589249610901,291,386,670,1061
261,person,0.8609793782234192,1146,487,1682,960
261,tie,0.7416678071022034,1075,250,1122,370
261,chair,0.6809313297271729,0,423,233,809
261,person,0.6027406454086304,885,102,1161,937
261,person,0.5074066519737244,1253,330,1596,567
261,dining table,0.46585410833358765,898,781,1916,1073
262,person,0.8592604994773865,1147,484,1681,956
262,person,0.8561046123504639,289,383,667,1061
262,chair,0.767394483089447,0,422,239,809
262,person,0.6799294948577881,885,104,1157,962
262,tie,0.672821581363678,1079,248,1125,373
262,person,0.5235793590545654,1251,328,1596,567
262,dining table,0.48557066917419434,898,780,1916,1073
263,person,0.8702766299247742,288,383,668,1061
263,person,0.8557201027870178,1143,485,1680,959
263,chair,0.7151318788528442,0,423,230,810
263,person,0.6160306930541992,893,105,1165,659
263,person,0.5495550036430359,1246,326,1596,568
263,dining table,0.4910372793674469,898,778,1916,1073
263,tie,0.44386133551597595,1082,254,1128,373
264,person,0.8729385137557983,1121,484,1676,967
264,person,0.8679121732711792,284,380,669,1063
264,person,0.7377465963363647,897,104,1168,652
264,dining table,0.5507376194000244,899,777,1916,1072
264,person,0.4694916307926178,1248,329,1594,569
264,chair,0.4585014581680298,0,421,228,810
265,person,0.8821942806243896,1115,488,1676,973
265,person,0.8771724700927734,282,382,662,1066
265,person,0.7372432947158813,888,107,1179,660
265,tie,0.5824048519134521,1099,258,1141,370
265,dining table,0.5701436400413513,900,773,1916,1072
265,chair,0.5425880551338196,0,417,240,806
265,person,0.45860931277275085,1246,327,1588,569
265,person,0.407980740070343,890,106,1178,940
266,person,0.8856328129768372,1112,485,1678,971
266,person,0.8633928894996643,281,382,666,1064
266,person,0.7629444003105164,890,107,1191,653
266,chair,0.608137309551239,0,421,236,813
266,dining table,0.5658891201019287,898,774,1916,1073
266,tie,0.5157504677772522,1102,257,1143,374
266,person,0.45660558342933655,1246,327,1590,569
266,person,0.4193168878555298,891,104,1192,1004
267,person,0.8792595863342285,1112,486,1679,971
267,person,0.8720698356628418,280,380,668,1063
267,person,0.7703893184661865,890,111,1196,653
267,dining table,0.585561990737915,899,775,1916,1073
267,chair,0.5251267552375793,0,421,227,814
267,person,0.46638739109039307,889,109,1202,969
268,person,0.883607029914856,1112,486,1678,970
268,person,0.8695940971374512,281,378,667,1063
268,person,0.8440812826156616,893,112,1194,648
268,dining table,0.6023532152175903,900,774,1915,1073
268,chair,0.5699396133422852,0,421,224,814
268,tie,0.4620227515697479,1123,265,1164,373
269,person,0.8802168965339661,1110,486,1675,972
269,person,0.8729848861694336,285,380,665,1063
269,person,0.8322645425796509,891,111,1208,649
269,chair,0.571726381778717,0,421,219,815
269,dining table,0.5624149441719055,898,774,1916,1072
270,person,0.881838321685791,1111,486,1677,973
270,person,0.8577438592910767,888,117,1214,652
270,person,0.8511587381362915,284,380,661,1064
270,dining table,0.583392858505249,899,772,1916,1073
270,chair,0.5168981552124023,0,417,250,805
271,person,0.8818007707595825,276,376,660,1062
271,person,0.8615174293518066,888,123,1217,660
271,person,0.8561589121818542,1114,487,1673,972
271,dining table,0.5922185182571411,899,770,1916,1073
271,chair,0.48558107018470764,0,422,227,807
272,person,0.9163589477539062,276,377,653,1060
272,person,0.8783785104751587,893,115,1236,651
272,person,0.8291438817977905,1104,487,1672,983
272,dining table,0.5876362323760986,901,771,1916,1072
272,chair,0.4074379503726959,0,417,260,798
273,person,0.9026381373405457,278,376,652,1061
273,person,0.8220083117485046,895,113,1230,651
273,person,0.7394954562187195,1096,486,1672,946
273,dining table,0.6116094589233398,901,773,1918,1072
273,chair,0.42028021812438965,0,422,222,809
274,person,0.8701139688491821,278,375,655,1058
274,person,0.7468221187591553,916,111,1267,641
274,dining table,0.5705743432044983,904,773,1917,1074
274,person,0.5641084313392639,971,485,1670,964
274,chair,0.41263270378112793,0,422,225,810
274,bottle,0.4114828407764435,770,370,793,435
275,person,0.8700906038284302,276,373,654,1058
275,person,0.8103364706039429,1103,486,1672,953
275,person,0.7831296920776367,890,108,1288,664
275,dining table,0.5682313442230225,896,774,1916,1074
275,bottle,0.5575434565544128,768,370,792,433
275,chair,0.5072511434555054,0,422,218,812
276,person,0.8732084631919861,274,373,657,1059
276,person,0.8508111834526062,1102,483,1673,978
276,person,0.8239347338676453,891,107,1296,672
276,chair,0.6221224069595337,0,425,206,815
276,dining table,0.6036826968193054,896,772,1916,1073
276,bottle,0.5812598466873169,767,369,791,432
276,person,0.4520920515060425,1275,327,1580,565
277,person,0.881737232208252,893,106,1308,663
277,person,0.8640739321708679,272,371,654,1064
277,person,0.8591088652610779,1103,482,1672,975
277,bottle,0.6142438650131226,766,369,790,434
277,dining table,0.6062501668930054,896,774,1916,1073
277,chair,0.5726822018623352,0,425,205,815
278,person,0.8794315457344055,928,102,1322,652
278,person,0.8632004857063293,272,372,653,1064
278,person,0.8623883128166199,1102,482,1671,973
278,chair,0.7085155844688416,0,424,206,814
278,dining table,0.5998828411102295,891,770,1915,1073
278,person,0.4768902361392975,1280,327,1578,564
279,person,0.8699597120285034,932,101,1330,651
279,person,0.8574904799461365,1101,483,1670,972
279,person,0.8546953797340393,271,370,654,1064
279,chair,0.6693270802497864,0,424,209,813
279,dining table,0.5633372664451599,890,775,1914,1074
279,bottle,0.4358309805393219,760,370,784,434
279,person,0.41132664680480957,1276,327,1575,562
280,person,0.8720871210098267,944,103,1327,642
280,person,0.8539255857467651,1101,484,1670,971
280,person,0.851376473903656,271,371,652,1064
280,chair,0.6055602431297302,0,425,207,815
280,dining table,0.5431589484214783,890,772,1913,1074
281,person,0.8929319381713867,971,106,1333,644
281,person,0.8590655326843262,1101,485,1670,975
281,person,0.8352050185203552,272,370,654,1063
281,chair,0.5823523998260498,0,425,204,816
281,dining table,0.5528431534767151,888,774,1913,1073
281,bottle,0.4090486764907837,758,371,782,433
281,chair,0.4064924716949463,0,422,122,530
281,chair,0.40157750248908997,0,566,204,816
282,person,0.8704373836517334,998,100,1338,642
282,person,0.8570024371147156,1100,485,1665,974
282,person,0.8398306965827942,270,372,652,1067
282,chair,0.6031865477561951,0,425,201,818
282,dining table,0.5262144804000854,887,772,1911,1073
283,person,0.8618242740631104,1007,96,1343,649
283,person,0.8536830544471741,1099,484,1664,974
283,person,0.8263654708862305,266,369,652,1065
283,chair,0.6328040957450867,0,425,200,818
283,dining table,0.5985816121101379,890,773,1909,1072
284,person,0.8600013256072998,1032,95,1347,645
284,person,0.856115996837616,1096,487,1659,973
284,person,0.8020530343055725,264,370,644,1065
284,dining table,0.5886558890342712,890,775,1905,1072
284,chair,0.5607571005821228,0,424,198,822
284,person,0.4109022915363312,1285,322,1552,563
285,person,0.861706018447876,1092,483,1662,974
285,person,0.8443927764892578,1040,93,1350,639
285,person,0.8208747506141663,266,371,645,1067
285,dining table,0.5792285799980164,889,771,1903,1071
285,chair,0.5410571694374084,0,425,196,820
286,person,0.8505584597587585,263,371,640,1066
286,person,0.84630286693573,1092,478,1661,973
286,person,0.7512320876121521,1054,90,1363,617
286,chair,0.5667651295661926,0,425,200,821
286,dining table,0.5376695394515991,882,772,1901,1072
287,person,0.8456977605819702,263,370,640,1066
287,person,0.8108124732971191,1088,410,1656,973
287,person,0.7767578363418579,1078,86,1359,620
287,dining table,0.5797694325447083,882,775,1899,1072
287,chair,0.5764771103858948,0,425,198,820
288,person,0.8157393932342529,262,371,638,1067
288,person,0.7902997732162476,1093,422,1660,979
288,person,0.5627750754356384,1089,84,1515,615
288,dining table,0.549595057964325,882,773,1897,1071
288,chair,0.5184788107872009,0,422,209,815
289,person,0.8544584512710571,1091,479,1656,974
289,person,0.8229434490203857,257,370,633,1066
289,person,0.6892760992050171,1102,86,1364,616
289,dining table,0.5493095517158508,879,771,1895,1071
289,chair,0.401699036359787,0,424,193,810
290,person,0.8693035244941711,255,369,630,1067
290,person,0.8465197086334229,1091,480,1652,973
290,person,0.6095510721206665,1110,86,1436,613
290,dining table,0.579491376876831,881,769,1890,1070
290,chair,0.49333178997039795,0,424,200,794
291,person,0.842628002166748,251,367,631,1067
291,person,0.8102015256881714,1087,478,1650,972
291,person,0.6507996320724487,1113,86,1379,614
291,dining table,0.625914990901947,874,771,1888,1071
291,person,0.46157360076904297,1116,84,1506,605
291,chair,0.43825873732566833,0,425,196,781
292,person,0.8138615489006042,245,368,631,1067
292,person,0.6300232410430908,1086,460,1646,972
292,person,0.6224267482757568,1114,85,1524,615
292,dining table,0.6119212508201599,870,771,1884,1071
293,person,0.8346981406211853,1086,479,1645,967
293,person,0.8001396656036377,244,368,630,1066
293,person,0.7517034411430359,1117,86,1469,614
293,dining table,0.6172949075698853,865,769,1880,1071
294,person,0.8047410845756531,1083,480,1640,969
294,person,0.7954156994819641,241,362,632,1064
294,person,0.7033994197845459,1123,85,1473,613
294,dining table,0.6099845767021179,857,764,1878,1071
294,chair,0.4728040099143982,0,423,165,774
295,person,0.7991288304328918,237,362,627,1064
295,person,0.732698380947113,1078,468,1635,970
295,person,0.6452087759971619,1129,88,1478,607
295,dining table,0.5954669117927551,861,766,1876,1072
295,chair,0.5023038983345032,0,426,165,763
296,person,0.8155517578125,236,366,623,1065
296,person,0.782596230506897,1074,90,1634,967
296,dining table,0.5593826770782471,859,767,1875,1073
296,chair,0.5566137433052063,0,426,157,751
297,person,0.8422300815582275,235,358,627,1064
297,person,0.8393554091453552,1071,484,1634,971
297,person,0.7226219177246094,1147,88,1515,588
297,chair,0.5456292033195496,0,426,157,754
297,dining table,0.5314112305641174,854,766,1871,1073
297,bottle,0.4360067546367645,724,371,747,432
298,person,0.8524157404899597,1063,483,1626,973
298,person,0.8376538157463074,233,358,616,1061
298,chair,0.5311473608016968,0,425,153,749
298,dining table,0.5223025679588318,852,766,1867,1073
298,bottle,0.4498697519302368,721,370,745,432
299,person,0.8440926671028137,1059,481,1627,978
299,person,0.805992603302002,228,359,614,1064
299,person,0.6976785063743591,1185,95,1520,567
299,dining table,0.5564086437225342,850,766,1865,1073
299,chair,0.5353736281394958,0,425,153,757
299,bottle,0.5206593871116638,718,368,742,433
300,person,0.8629517555236816,1052,477,1624,978
300,person,0.800067663192749,226,356,626,1063
300,chair,0.6729685664176941,0,423,153,761
300,dining table,0.5867202281951904,849,764,1860,1073
300,person,0.5164555907249451,1206,97,1507,567
300,bottle,0.40693044662475586,712,370,736,432
301,person,0.8768553137779236,1052,478,1622,978
301,person,0.7893794178962708,223,356,623,1064
301,chair,0.7014015913009644,0,423,149,764
301,person,0.6721393465995789,1211,97,1515,552
301,dining table,0.5267479419708252,845,768,1855,1073
301,chair,0.4023975133895874,914,650,1110,1037
302,person,0.8676077723503113,1048,473,1618,980
302,person,0.8351726531982422,221,359,606,1064
302,chair,0.7685346603393555,0,424,154,773
302,dining table,0.5306742787361145,842,761,1854,1073
302,person,0.5103490948677063,1221,95,1469,540
303,person,0.8654131293296814,1049,477,1615,978
303,person,0.8309423923492432,218,353,591,1061
303,chair,0.7599861025810242,0,423,149,767
303,person,0.5634573698043823,1209,95,1489,549
303,dining table,0.542186439037323,840,764,1851,1073
304,person,0.875497579574585,1048,476,1609,978
304,person,0.8320125937461853,212,355,591,1062
304,chair,0.7344051599502563,0,422,145,771
304,person,0.6614832282066345,1227,95,1486,543
304,dining table,0.5175141096115112,833,763,1845,1073
305,person,0.9034877419471741,212,351,591,1063
305,person,0.8683182597160339,1047,475,1606,978
305,person,0.6333487033843994,1231,92,1513,554
305,chair,0.5920630693435669,0,425,140,774
305,dining table,0.4568122625350952,828,762,1839,1073
306,person,0.8775038123130798,207,349,586,1063
306,person,0.8692270517349243,1040,479,1603,983
306,chair,0.6999225616455078,0,424,124,771
306,person,0.5841760635375977,1246,91,1527,561
306,dining table,0.4335438907146454,825,763,1835,1073
307,person,0.8823606371879578,204,349,585,1063
307,person,0.8791657090187073,1036,481,1598,980
307,chair,0.5817703008651733,0,427,115,771
307,dining table,0.5444784164428711,822,765,1829,1073
307,person,0.47432905435562134,1248,92,1549,578
308,person,0.896765410900116,194,349,576,1062
308,person,0.8829357028007507,1035,477,1589,979
308,person,0.619845986366272,1245,94,1527,669
308,tie,0.5687549114227295,1443,271,1502,411
308,dining table,0.5682761073112488,813,764,1823,1073
308,tie,0.5384806394577026,1420,271,1498,409
308,chair,0.43441200256347656,0,425,117,775
309,person,0.8834723830223083,1028,477,1588,966
309,person,0.874078094959259,188,349,572,1062
309,person,0.6546385288238525,1251,93,1527,675
309,tie,0.6478173136711121,1440,272,1509,415
309,dining table,0.5079429745674133,818,764,1820,1072
309,chair,0.4565064013004303,0,430,117,772
309,bottle,0.4362522065639496,675,371,701,433
310,person,0.8950396776199341,181,350,568,1064
310,person,0.884080171585083,1025,479,1580,967
310,tie,0.7495062947273254,1439,272,1509,414
310,person,0.6282433271408081,1255,92,1532,657
310,bottle,0.5442589521408081,669,369,694,434
310,dining table,0.5440635085105896,815,761,1812,1072
310,chair,0.4901379942893982,0,443,109,772
311,person,0.8828391432762146,1018,482,1580,971
311,person,0.8591393828392029,173,349,581,1065
311,person,0.6901172399520874,1260,93,1540,618
311,tie,0.6625909209251404,1435,272,1522,413
311,chair,0.518110990524292,0,586,106,782
311,dining table,0.48769378662109375,816,761,1805,1072
312,person,0.8739894032478333,1014,480,1571,977
312,person,0.8551107048988342,186,350,554,1065
312,tie,0.6406030654907227,1439,272,1523,406
312,dining table,0.5423020720481873,818,756,1796,1071
312,chair,0.44198548793792725,82,572,193,776
312,person,0.4387547969818115,1266,92,1553,613
313,person,0.8797833919525146,1007,475,1567,973
313,person,0.8709037899971008,162,349,546,1065
313,tie,0.7305930852890015,1434,270,1530,405
313,chair,0.6137475967407227,80,574,181,778
313,person,0.5860593318939209,1284,85,1616,626
313,dining table,0.5603229403495789,816,748,1790,1071
314,person,0.8792276978492737,149,349,542,1063
314,person,0.865574300289154,1001,474,1558,971
314,dining table,0.6056016087532043,814,761,1782,1072
314,chair,0.48179250955581665,83,575,172,776
314,person,0.48107364773750305,1283,87,1637,659
314,chair,0.4322904348373413,0,606,82,794
315,person,0.8749062418937683,997,472,1556,968
315,person,0.8715782761573792,154,348,537,1063
315,dining table,0.5757712125778198,811,759,1776,1073
315,person,0.48392871022224426,1294,83,1619,685
315,tie,0.4503072500228882,1467,268,1528,406
316,person,0.874581515789032,992,473,1550,970
316,person,0.8562088012695312,137,347,530,1061
316,tie,0.6321095824241638,1475,269,1530,408
316,person,0.588895320892334,1300,84,1644,662
316,dining table,0.46868234872817993,810,763,1769,1073
316,tie,0.4470883011817932,1439,268,1533,403
317,person,0.8871936798095703,989,475,1544,969
317,person,0.8525496125221252,128,345,524,1061
317,person,0.6282297968864441,1304,87,1643,737
317,tie,0.5181166529655457,1479,271,1540,411
317,dining table,0.47674545645713806,802,761,1764,1074
317,bottle,0.4250394403934479,624,370,649,434
318,person,0.8740956783294678,121,346,514,1057
318,person,0.8735038638114929,981,475,1536,963
318,person,0.7692572474479675,1304,87,1645,736
318,person,0.6324124932289124,1098,319,1316,554
318,tie,0.537040650844574,1464,274,1544,415
318,dining table,0.45682480931282043,792,760,1756,1074
319,person,0.8754867911338806,975,474,1531,966
319,person,0.8468832969665527,1306,92,1644,741
319,person,0.7841182947158813,116,346,544,1062
319,person,0.5672873258590698,1092,319,1315,552
320,person,0.8475630879402161,1305,95,1641,735
320,person,0.8346136212348938,963,474,1527,971
320,person,0.8231770396232605,105,344,505,1063
320,person,0.5923935770988464,1089,318,1320,553
320,dining table,0.5006645917892456,772,763,1742,1073
321,person,0.8752754330635071,97,342,495,1055
321,person,0.850818395614624,1310,100,1640,739
321,person,0.8434032201766968,962,472,1516,972
321,person,0.5414019227027893,1085,318,1321,555
321,dining table,0.5135504603385925,768,753,1732,1073
322,person,0.8880997896194458,88,339,490,1056
322,person,0.8783792853355408,1312,101,1638,746
322,person,0.8393775224685669,955,476,1514,969
322,dining table,0.5549601912498474,762,759,1729,1072
323,person,0.8852294683456421,1314,107,1637,750
323,person,0.8704990148544312,85,339,477,1058
323,person,0.8595291972160339,949,478,1508,970
323,dining table,0.552609384059906,755,757,1722,1072
323,person,0.4994114935398102,1065,320,1366,555
324,person,0.8734158277511597,1320,109,1631,759
324,person,0.8678910732269287,69,338,462,1064
324,person,0.8642710447311401,943,478,1497,971
324,dining table,0.619333028793335,752,761,1713,1072
324,bottle,0.48268213868141174,577,370,601,433
325,person,0.8709238767623901,67,340,465,1063
325,person,0.8567553162574768,1326,115,1633,774
325,person,0.750399649143219,934,477,1475,967
325,dining table,0.5592323541641235,745,759,1708,1072
325,bottle,0.4606941342353821,567,370,592,433
326,person,0.9028144478797913,51,341,442,1059
326,person,0.8615559935569763,1318,120,1631,766
326,person,0.8046102523803711,926,474,1463,963
326,dining table,0.6172993183135986,740,760,1698,1071
326,chair,0.49392226338386536,1712,528,1919,1058
327,person,0.7725620269775391,1311,126,1603,773
327,person,0.7707135677337646,42,342,452,1063
327,person,0.6968173384666443,919,476,1441,966
327,dining table,0.6931855082511902,737,766,1688,1071
327,chair,0.5619485378265381,1706,527,1919,1058
327,chair,0.4795278012752533,1488,514,1639,776
328,person,0.8877025246620178,25,343,440,1061
328,person,0.8125537037849426,1311,131,1622,782
328,person,0.8011624217033386,914,475,1456,967
328,dining table,0.683461606502533,735,761,1680,1072
328,chair,0.64143306016922,1698,526,1919,1067
328,person,0.6073188185691833,1038,321,1308,552
329,person,0.8674731254577637,14,341,433,1058
329,person,0.8241682052612305,908,476,1459,971
329,person,0.7550233602523804,1311,137,1613,800
329,dining table,0.7120243310928345,731,761,1670,1071
329,chair,0.5302101373672485,1695,525,1919,1060
329,person,0.4352482259273529,1034,319,1305,555
329,dining table,0.4268193244934082,1695,638,1919,1064
330,person,0.9117376208305359,15,343,417,1059
330,person,0.8243499994277954,904,475,1450,967
330,person,0.7599087357521057,1310,147,1599,788
330,dining table,0.6737484931945801,727,761,1662,1073
330,chair,0.6635427474975586,1484,512,1624,786
330,chair,0.5728791356086731,1687,526,1919,1046
331,person,0.8781980872154236,14,343,432,1055
331,person,0.7897726893424988,897,476,1444,969
331,person,0.7690344452857971,1305,156,1608,786
331,chair,0.7190032601356506,1671,525,1919,1045
331,person,0.6831082701683044,1014,317,1289,555
331,dining table,0.6227167248725891,725,763,1656,1072
331,bottle,0.5549960136413574,521,370,547,433
331,chair,0.5034494400024414,1487,514,1622,784
331,chair,0.4580049514770508,1826,525,1919,656
332,person,0.8906431198120117,3,344,414,1054
332,person,0.8402242064476013,1298,162,1613,788
332,person,0.7570720314979553,893,472,1323,968
332,dining table,0.6789963245391846,720,751,1647,1072
332,chair,0.6240821480751038,1491,562,1604,783
332,person,0.5223408937454224,1004,320,1297,559
332,chair,0.46998658776283264,1664,518,1919,1054
333,person,0.8907146453857422,0,344,409,1052
333,person,0.8849092721939087,1296,166,1616,781
333,person,0.7840524911880493,880,471,1425,966
333,dining table,0.6569656729698181,711,766,1639,1073
333,person,0.5992647409439087,1003,319,1277,555
333,chair,0.5633204579353333,1487,563,1599,783
333,chair,0.4846716523170471,1660,519,1919,1050
333,pizza,0.41277554631233215,403,701,539,770
334,person,0.8764500617980957,1282,171,1618,855
334,person,0.875136137008667,0,344,404,1051
334,person,0.8280004262924194,874,472,1296,963
334,dining table,0.6728672981262207,707,742,1632,1071
334,person,0.6140496134757996,994,319,1252,552
334,chair,0.5426729917526245,1650,523,1919,1050
334,chair,0.5025927424430847,1481,577,1590,786
335,person,0.9033361673355103,0,344,395,1057
335,person,0.89485102891922,1265,177,1613,920
335,person,0.7560238838195801,866,471,1311,969
335,dining table,0.5857313871383667,696,747,1629,1071
335,person,0.5777295231819153,982,320,1244,556
335,chair,0.5197341442108154,1646,518,1919,1047
335,chair,0.46210160851478577,1473,579,1589,782
336,person,0.9115103483200073,0,344,387,1061
336,person,0.8882595896720886,1250,181,1609,919
336,person,0.7224117517471313,862,471,1321,969
336,person,0.5742859244346619,978,318,1247,552
336,dining table,0.5565144419670105,687,749,1623,1071
336,bottle,0.5112119913101196,485,371,512,432
337,person,0.8977020978927612,0,343,384,1060
337,person,0.836327075958252,1274,187,1606,790
337,person,0.7958477735519409,857,472,1403,971
337,dining table,0.6622408032417297,679,752,1614,1071
337,bottle,0.6307172775268555,479,370,505,435
337,person,0.5906206965446472,970,318,1248,551
337,pizza,0.5147512555122375,356,703,512,770
337,dining table,0.4300766587257385,0,605,777,1058
338,person,0.9051279425621033,0,344,379,1062
338,person,0.7818652987480164,1263,185,1607,787
338,dining table,0.7397968173027039,674,749,1608,1071
338,person,0.7019844651222229,859,474,1364,968
338,person,0.6896530985832214,960,317,1240,557
338,bottle,0.5738257169723511,472,370,497,433
339,person,0.924558162689209,0,345,369,1062
339,person,0.7494143843650818,848,473,1363,969
339,person,0.745716392993927,1251,187,1597,794
339,dining table,0.6778088212013245,669,762,1599,1071
339,person,0.5826789736747742,955,321,1238,562
340,person,0.9144029021263123,0,343,362,1061
340,person,0.8193639516830444,842,474,1245,965
340,person,0.7746105790138245,1236,192,1597,852
340,dining table,0.730798602104187,662,745,1589,1072
340,person,0.5978726148605347,955,318,1227,551
341,person,0.9046438932418823,1213,193,1593,903
341,person,0.904277503490448,0,343,357,1062
341,person,0.7568613886833191,839,476,1242,969
341,dining table,0.6264556050300598,659,753,1584,1072
342,person,0.8842722773551941,0,342,348,1060
342,person,0.8034473061561584,1202,193,1592,876
342,person,0.7607001662254333,821,476,1257,961
342,dining table,0.6829540133476257,655,750,1580,1073
342,person,0.4907076954841614,939,320,1215,550
343,person,0.9052714109420776,0,343,338,1062
343,person,0.7774110436439514,819,470,1350,970
343,dining table,0.7318147420883179,653,749,1576,1073
343,person,0.6111238598823547,1259,193,1588,808
343,person,0.4864735007286072,929,321,1213,552
343,bottle,0.4242181181907654,438,371,464,433
344,person,0.8886550068855286,0,343,328,1061
344,person,0.7451150417327881,810,471,1228,968
344,person,0.7269509434700012,1184,197,1586,870
344,dining table,0.6498664021492004,646,746,1568,1074
344,bottle,0.5851380228996277,432,370,458,435
344,dining table,0.40683069825172424,1591,619,1918,1033
345,person,0.8529886603355408,1177,198,1578,921
345,person,0.852096676826477,0,346,323,1062
345,person,0.7593249082565308,815,464,1216,968
345,dining table,0.668883740901947,643,740,1564,1074
345,bottle,0.5488888025283813,425,371,450,433
345,person,0.410318523645401,917,312,1211,550
346,person,0.8798269629478455,0,344,320,1059
346,dining table,0.7050445675849915,645,741,1554,1073
346,person,0.6807247400283813,812,466,1328,967
346,person,0.6199569702148438,1264,198,1573,801
346,person,0.43155133724212646,911,318,1201,551
347,person,0.864007830619812,0,343,313,1052
347,person,0.7537275552749634,1175,199,1567,898
347,dining table,0.6601361632347107,643,742,1543,1071
347,person,0.5129477381706238,796,426,1234,977
347,bottle,0.45073455572128296,413,371,438,436
347,dining table,0.43987518548965454,1569,630,1917,1061
348,person,0.8732067346572876,0,344,305,1053
348,person,0.8584833145141602,1171,199,1560,891
348,dining table,0.7274410724639893,640,743,1541,1071
348,person,0.6687420010566711,799,468,1202,967
348,bottle,0.5546516180038452,407,370,433,437
348,chair,0.4093874394893646,614,639,839,1055
348,dining table,0.400075763463974,1560,624,1918,1050
349,person,0.8776819705963135,0,344,299,1057
349,person,0.8028002381324768,1169,198,1552,862
349,dining table,0.7610045075416565,636,742,1536,1070
349,person,0.6628710627555847,792,458,1240,971
349,bottle,0.48964911699295044,398,370,424,434
349,dining table,0.4782513976097107,1554,627,1918,1054
349,dining table,0.44627633690834045,0,605,711,1054
350,person,0.8493203520774841,0,344,298,1052
350,dining table,0.760803759098053,634,742,1532,1071
350,person,0.6918259263038635,790,461,1300,970
350,person,0.6521983742713928,1157,197,1547,806
350,person,0.4837818443775177,893,319,1158,549
350,dining table,0.4696813225746155,1549,602,1918,1043
350,person,0.4525059163570404,1156,197,1553,1055
350,person,0.42374077439308167,1759,344,1919,991
351,person,0.8957940936088562,0,344,290,1053
351,person,0.8387812972068787,1139,197,1544,862
351,person,0.7033907175064087,787,462,1301,969
351,dining table,0.6631366610527039,631,743,1530,1071
351,person,0.6168106198310852,881,320,1174,547
351,person,0.4871675372123718,1752,351,1919,993
351,chair,0.4453299045562744,1677,513,1753,643
351,dining table,0.43481194972991943,1542,612,1917,1043
351,bottle,0.4155936539173126,387,371,414,437
352,person,0.8643784523010254,1138,198,1538,875
352,person,0.8477380871772766,0,345,284,1053
352,person,0.7148884534835815,778,460,1314,971
352,dining table,0.6662713289260864,629,747,1525,1071
352,person,0.5979093909263611,883,321,1164,546
352,bottle,0.5937349200248718,381,370,411,437
352,person,0.4638266861438751,1752,352,1919,992
352,person,0.4141615331172943,0,348,276,760
353,person,0.8306447863578796,1128,201,1534,872
353,person,0.8052799105644226,0,346,281,1054
353,person,0.7191694974899292,775,460,1307,967
353,dining table,0.6669885516166687,625,745,1525,1071
353,person,0.4765482246875763,0,347,274,762
353,pizza,0.4205050468444824,299,706,418,780
353,bottle,0.40463703870773315,372,371,401,440
354,person,0.8328432440757751,0,344,275,1055
354,person,0.8180204033851624,1124,200,1530,874
354,dining table,0.7388995885848999,609,737,1512,1072
354,person,0.688293993473053,770,466,1181,971
354,dining table,0.5477980375289917,1524,581,1919,1065
354,person,0.509085476398468,1737,349,1919,984
354,person,0.4529713988304138,864,313,1155,552
355,person,0.8424888849258423,0,346,269,1056
355,person,0.8324376940727234,766,463,1300,973
355,person,0.6620545387268066,1126,200,1532,948
355,dining table,0.6608028411865234,605,738,1503,1071
355,dining table,0.596670925617218,1537,615,1919,1069
355,person,0.5472424030303955,1738,346,1919,974
356,person,0.8156318664550781,0,345,268,1053
356,person,0.7795290946960449,1129,198,1525,886
356,person,0.7251428365707397,758,464,1185,974
356,dining table,0.5948098301887512,1531,600,1916,1069
356,person,0.5691129565238953,1681,337,1902,974
356,dining table,0.43156781792640686,601,735,1495,1070
356,person,0.430345743894577,858,315,1142,545
357,person,0.8512914180755615,757,465,1147,973
357,person,0.8171828985214233,1118,196,1517,871
357,person,0.7699337005615234,0,345,258,1055
357,dining table,0.6276223063468933,1525,607,1920,1068
357,dining table,0.6113772988319397,592,739,1489,1072
357,person,0.5005814433097839,1717,338,1916,945
357,person,0.4877958595752716,855,318,1108,546
357,person,0.4544321298599243,0,346,248,762
358,person,0.8271161913871765,0,345,249,1053
358,person,0.7500713467597961,741,456,1158,972
358,person,0.7051283121109009,1139,198,1515,838
358,person,0.6630861163139343,1708,340,1919,964
358,dining table,0.6462766528129578,589,745,1485,1071
358,dining table,0.5941847562789917,1520,605,1920,1068
358,person,0.4663744270801544,844,317,1116,546
359,person,0.8178781270980835,0,343,246,1061
359,dining table,0.6680494546890259,584,745,1479,1070
359,person,0.6095952987670898,1137,193,1518,810
359,person,0.6082900166511536,1687,341,1919,962
359,dining table,0.578159749507904,1514,608,1919,1069
359,person,0.5514382123947144,841,318,1119,545
359,person,0.5449658632278442,758,463,1147,971
360,person,0.810383677482605,734,457,1124,974
360,person,0.7734879851341248,0,343,235,1059
360,person,0.7534587979316711,1686,338,1919,964
360,person,0.6117346882820129,1123,186,1520,908
360,person,0.5641513466835022,838,316,1112,548
360,dining table,0.47128450870513916,581,754,1458,1070
360,bottle,0.4594603180885315,333,371,363,438
360,chair,0.44856351613998413,1620,506,1726,634
360,dining table,0.42251724004745483,1508,599,1919,1069
361,person,0.8618822693824768,1137,183,1513,906
361,person,0.7453746199607849,1649,336,1918,965
361,person,0.7246726751327515,730,464,1129,978
361,person,0.6756879091262817,0,343,230,1067
361,person,0.5327921509742737,0,344,226,761
361,dining table,0.5233585238456726,577,850,1374,1071
361,person,0.5162755846977234,832,318,1117,546
361,dining table,0.4327891170978546,1505,613,1917,1055
361,bottle,0.4040076434612274,325,372,353,439
362,person,0.7848671078681946,1653,336,1918,963
362,person,0.7501026391983032,1133,177,1537,904
362,person,0.7286282181739807,729,462,1152,974
362,person,0.6441006064414978,0,340,223,1060
362,person,0.6190035343170166,831,317,1099,547
362,dining table,0.5451350808143616,570,827,1360,1072
362,dining table,0.43144741654396057,1497,585,1919,1072
362,person,0.42746245861053467,0,342,223,762
363,person,0.8303163647651672,723,461,1259,973
363,person,0.796716034412384,1649,336,1918,964
363,person,0.7513200640678406,1134,174,1568,916
363,person,0.7357118129730225,0,339,222,1060
363,person,0.6564913392066956,821,315,1107,545
364,person,0.8662004470825195,716,452,1254,971
364,person,0.852320671081543,1659,337,1919,964
364,person,0.7153656482696533,0,335,216,1061
364,dining table,0.6746742129325867,567,732,1427,1070
364,person,0.6176168322563171,817,316,1097,547
364,person,0.560417115688324,1139,171,1535,764
364,person,0.5451323390007019,1141,170,1580,952
365,person,0.8561103343963623,717,448,1248,976
365,person,0.8558735251426697,1667,342,1918,953
365,person,0.6736822724342346,0,333,206,762
365,person,0.6433038115501404,1150,167,1524,764
365,dining table,0.6277980208396912,560,739,1438,1069
365,person,0.4838016629219055,811,313,1064,548
365,chair,0.4589465856552124,1592,504,1676,631
365,person,0.4321766793727875,0,333,205,1060
366,person,0.8788045644760132,1662,342,1918,957
366,person,0.8530745506286621,705,450,1244,970
366,person,0.785412609577179,1161,165,1505,767
366,person,0.6715714335441589,812,314,1061,547
366,dining table,0.6608976125717163,564,751,1437,1071
366,person,0.552328884601593,0,322,198,761
366,person,0.5076593160629272,0,325,201,1061
366,chair,0.444036602973938,1587,503,1682,631
367,person,0.85391765832901,1155,163,1497,758
367,person,0.8529118299484253,703,446,1238,982
367,person,0.8025630116462708,1655,342,1918,961
367,dining table,0.6698369979858398,558,759,1434,1065
367,person,0.6088896989822388,804,314,1050,546
367,person,0.5649923086166382,0,317,199,1060
367,person,0.5288668870925903,0,313,192,764
368,person,0.8614168167114258,698,441,1237,983
368,person,0.8250530362129211,1151,160,1490,749
368,person,0.8076457977294922,1652,342,1916,962
368,person,0.6362279057502747,800,316,1044,544
368,dining table,0.6361329555511475,557,744,1432,1065
368,person,0.47901004552841187,0,347,184,759
368,chair,0.4593600034713745,1575,503,1672,627
368,person,0.42152994871139526,0,344,188,1059
369,person,0.8569719791412354,1649,344,1912,961
369,person,0.847151517868042,695,436,1234,984
369,person,0.7542140483856201,1155,166,1499,749
369,person,0.677304208278656,792,316,1037,545
369,person,0.6375037431716919,0,342,329,1061
369,chair,0.5432236790657043,1572,504,1652,629
369,dining table,0.4924091696739197,554,746,1424,1067
370,person,0.8700116276741028,697,435,1235,982
370,person,0.8399922847747803,1644,346,1912,959
370,person,0.7841189503669739,1134,161,1492,751
370,dining table,0.6852648854255676,549,741,1424,1066
370,person,0.553674578666687,787,315,1032,551
370,person,0.46124157309532166,0,348,306,1065
370,chair,0.4236013889312744,1566,503,1674,628
371,person,0.8546862602233887,687,430,1242,984
371,person,0.8355003595352173,1642,349,1903,956
371,person,0.7821314930915833,1133,156,1475,752
371,person,0.680282473564148,0,338,321,1053
371,person,0.6315237283706665,785,313,1059,550
371,dining table,0.4861510396003723,552,737,1420,1070
371,chair,0.410235196352005,1527,508,1913,974
372,person,0.835448145866394,685,430,1243,983
372,person,0.7356786131858826,1125,156,1465,748
372,person,0.6969493627548218,1605,349,1911,955
372,dining table,0.6018213033676147,553,744,1416,1069
372,person,0.405542254447937,781,311,1024,548
373,person,0.847367525100708,674,418,1256,990
373,person,0.7725595831871033,1625,348,1908,952
373,person,0.7600182294845581,1119,151,1463,755
373,person,0.6921919584274292,0,347,165,1054
373,person,0.6194010972976685,775,312,996,547
373,dining table,0.6116731762886047,550,740,1412,1067
373,person,0.5248194932937622,0,355,159,765
373,chair,0.4615473747253418,1466,493,1915,1068
374,person,0.8623945116996765,669,421,1250,997
374,person,0.838900089263916,1114,150,1461,751
374,person,0.7859154939651489,1622,350,1903,943
374,person,0.6769408583641052,0,367,155,1054
374,dining table,0.6003586053848267,545,741,1407,1068
374,chair,0.4775191843509674,1475,494,1916,1068
374,person,0.47199976444244385,771,316,1001,548
374,person,0.4331251382827759,0,388,154,762
375,person,0.8455679416656494,665,419,1248,996
375,person,0.817010760307312,1622,350,1895,940
375,person,0.7612280249595642,1113,145,1458,749
375,person,0.632341742515564,0,390,153,1053
375,dining table,0.5829741954803467,541,747,1403,1069
375,person,0.48629048466682434,768,319,1006,549
375,chair,0.48264792561531067,1478,491,1915,1067
375,person,0.43995600938796997,0,399,152,764
376,person,0.8566256761550903,661,416,1244,993
376,person,0.7852911353111267,1604,347,1904,946
376,person,0.6801772117614746,1108,143,1464,759
376,person,0.5648999810218811,763,317,1042,551
376,bottle,0.5384437441825867,246,372,275,439
376,person,0.5155465006828308,0,424,149,767
376,dining table,0.500018835067749,537,746,1398,1071
376,person,0.42942118644714355,0,418,149,1062
376,dining table,0.4116874933242798,99,422,613,646
377,person,0.8243608474731445,662,411,1246,991
377,person,0.742331326007843,1600,352,1883,935
377,person,0.6641461253166199,1110,138,1467,744
377,bottle,0.5985379219055176,241,375,269,442
377,person,0.5957279801368713,0,485,138,764
377,person,0.5671788454055786,757,318,1030,551
377,dining table,0.505635142326355,534,743,1394,1069
378,person,0.8340260982513428,656,402,1239,995
378,person,0.7850526571273804,1596,355,1879,941
378,bottle,0.664088249206543,237,372,264,443
378,person,0.6342953443527222,1106,134,1465,753
378,person,0.5733155012130737,755,317,1024,546
378,person,0.5466800928115845,0,497,140,764
378,dining table,0.46998146176338196,533,743,1390,1071
378,chair,0.40999120473861694,1446,496,1900,1057
379,person,0.8669363856315613,652,397,1246,991
379,person,0.7483963966369629,1590,355,1876,939
379,person,0.7086391448974609,1104,132,1470,757
379,bottle,0.5852460861206055,230,372,259,444
379,dining table,0.5253034234046936,527,740,1382,1071
379,person,0.4250396490097046,753,317,1017,552
379,person,0.42388916015625,0,505,129,762
380,person,0.8621616959571838,647,388,1241,991
380,person,0.8007980585098267,1571,358,1869,942
380,person,0.6629025936126709,1104,129,1466,756
380,dining table,0.5819323062896729,523,740,1379,1071
380,person,0.5162558555603027,748,320,1043,551
380,person,0.47080644965171814,0,517,126,764
381,person,0.856389045715332,647,382,1236,987
381,person,0.8109824061393738,1555,356,1868,931
381,person,0.7186537981033325,1107,132,1476,758
381,bottle,0.6049708724021912,223,373,253,446
381,dining table,0.5451961159706116,522,740,1379,1071
381,person,0.5353621244430542,0,522,125,768
382,person,0.8716046214103699,645,382,1230,982
382,person,0.7960920333862305,1549,355,1865,930
382,dining table,0.6613503098487854,517,740,1377,1070
382,person,0.6099119186401367,0,526,118,768
382,person,0.5004540681838989,1102,127,1487,766
383,person,0.8627001643180847,642,379,1227,988
383,person,0.8165492415428162,1562,355,1860,931
383,person,0.7134152054786682,1100,123,1493,1039
383,person,0.5952253341674805,0,527,113,772
383,dining table,0.5319898128509521,520,750,1371,1067
383,person,0.40106895565986633,846,314,944,383
384,person,0.8556183576583862,1564,356,1859,924
384,person,0.8507868051528931,644,383,1227,980
384,person,0.7543367743492126,1106,123,1498,1051
384,person,0.6715397834777832,0,525,112,774
384,dining table,0.5495690703392029,502,739,1374,1072
384,bottle,0.4103280007839203,211,374,238,446
385,person,0.8866056799888611,1102,122,1494,1051
385,person,0.8335554003715515,642,385,1224,978
385,person,0.8192643523216248,1564,355,1866,917
385,person,0.6021179556846619,0,524,109,776
385,dining table,0.5786744356155396,508,736,1362,1072
386,person,0.8893370628356934,1111,121,1496,1053
386,person,0.8446753621101379,631,382,1213,976
386,person,0.8370699882507324,1559,354,1856,928
386,dining table,0.6200859546661377,502,729,1355,1071
386,person,0.4808470606803894,0,536,108,779
387,person,0.8842574954032898,1110,119,1491,1052
387,person,0.8659414052963257,633,370,1205,970
387,person,0.7681882977485657,1547,354,1850,923
387,dining table,0.558356523513794,497,729,1350,1071
387,person,0.43540894985198975,0,543,106,780
387,bottle,0.4221711754798889,200,374,229,444
388,person,0.885297417640686,1113,120,1494,1054
388,person,0.8501684069633484,620,360,1209,985
388,person,0.8074445128440857,1555,353,1855,935
388,bottle,0.5597991347312927,197,377,226,443
388,dining table,0.5421785116195679,512,744,1348,1064
388,person,0.49754855036735535,830,317,1047,549
389,person,0.8912928700447083,1125,115,1499,1054
389,person,0.8524912595748901,621,367,1189,989
389,person,0.8069882392883301,1560,354,1856,938
389,dining table,0.47048357129096985,491,726,1347,1069
389,bottle,0.4382021427154541,193,378,221,445
390,person,0.9013371467590332,1128,112,1500,1056
390,person,0.8499393463134766,619,359,1183,985
390,person,0.8306807279586792,1553,356,1853,939
390,bottle,0.7099186182022095,190,376,218,445
390,tie,0.5982506275177002,1342,320,1384,444
390,dining table,0.5663796067237854,491,731,1343,1071
390,bench,0.43688759207725525,35,428,564,652
391,person,0.8784550428390503,1132,115,1511,1058
391,person,0.8177825212478638,1559,356,1847,932
391,person,0.8088877201080322,608,356,1162,993
391,bottle,0.7228980660438538,187,376,216,447
391,dining table,0.4776982069015503,492,733,1342,1070
392,person,0.9185733795166016,1143,111,1519,1059
392,person,0.852262556552887,614,355,1168,986
392,person,0.677071213722229,1560,352,1847,929
392,bottle,0.6666589975357056,183,376,212,446
392,dining table,0.4585045278072357,491,727,1339,1071
392,tie,0.43891194462776184,1351,310,1406,452
393,person,0.9210203289985657,1174,107,1539,1058
393,person,0.8670165538787842,612,348,1162,987
393,person,0.7772563695907593,1563,357,1841,936
393,dining table,0.6388524770736694,489,723,1340,1070
394,person,0.923507034778595,1177,108,1542,1059
394,person,0.8726803064346313,610,362,1168,986
394,person,0.8307594656944275,1559,356,1834,930
394,dining table,0.5732983946800232,489,734,1339,1070
394,person,0.5675631165504456,813,313,1032,551
394,backpack,0.4457109570503235,1061,612,1169,732
395,person,0.9221085906028748,1176,105,1534,1060
395,person,0.8744226098060608,606,354,1164,986
395,person,0.7796637415885925,1556,356,1828,929
395,dining table,0.5563646554946899,489,735,1338,1070
395,person,0.4715295135974884,814,315,1031,546
395,backpack,0.41704294085502625,1055,612,1168,731
396,person,0.9195572137832642,1184,104,1583,1061
396,person,0.8779957890510559,608,347,1168,982
396,person,0.6424847841262817,1560,356,1809,931
396,dining table,0.6261005401611328,482,729,1330,1072
396,backpack,0.46348851919174194,1056,612,1167,733
396,person,0.4371432662010193,1421,348,1803,932
396,bottle,0.4179360270500183,174,375,205,445
397,person,0.9059164524078369,1200,101,1606,1058
397,person,0.8737403154373169,605,360,1159,986
397,person,0.5941119194030762,808,326,1028,550
397,backpack,0.44311583042144775,1055,611,1164,732
397,dining table,0.4103737473487854,484,730,1332,1071
398,person,0.8887771964073181,1212,102,1631,1060
398,person,0.8692166209220886,602,361,1157,986
398,dining table,0.5360540747642517,484,725,1326,1071
398,person,0.5258293151855469,804,320,1022,551
398,backpack,0.5083416700363159,1054,612,1166,733
398,person,0.4275577664375305,1451,354,1803,936
399,person,0.8857755661010742,1223,100,1626,1063
399,person,0.8597745299339294,602,363,1158,988
399,person,0.7089988589286804,801,314,1023,547
399,backpack,0.5239571332931519,1051,612,1164,733
399,dining table,0.5157330632209778,480,725,1328,1072
399,person,0.48614856600761414,1491,355,1789,937
400,person,0.8921358585357666,1236,100,1644,1063
400,person,0.8603937029838562,598,355,1154,990
400,dining table,0.64515221118927,481,726,1329,1071
400,backpack,0.5307661294937134,1050,613,1165,734
400,person,0.4826255738735199,801,318,1016,547
401,person,0.8567683696746826,1238,100,1651,1064
401,person,0.8519226312637329,597,353,1153,992
401,person,0.6025117039680481,1489,356,1792,931
401,dining table,0.49484702944755554,479,726,1326,1071
401,person,0.44724154472351074,798,315,1014,547
402,person,0.8589890003204346,595,348,1151,991
402,person,0.8544382452964783,1254,98,1681,1061
402,person,0.5610421895980835,1493,350,1795,927
402,dining table,0.518751323223114,479,730,1320,1071
402,person,0.41013067960739136,798,317,1015,548
403,person,0.8691967129707336,1269,98,1705,1058
403,person,0.8587847948074341,592,334,1150,996
403,dining table,0.6463009715080261,478,726,1318,1071
403,tie,0.5135305523872375,1489,321,1524,442
403,person,0.505836009979248,1486,349,1784,925
403,backpack,0.4788046181201935,1046,612,1158,733
404,person,0.8599611520767212,589,338,1141,992
404,person,0.7897809147834778,1277,99,1738,1063
404,person,0.5281818509101868,1489,353,1789,927
404,dining table,0.4962906241416931,479,724,1315,1069
404,backpack,0.42335832118988037,1044,611,1158,734
405,person,0.8620357513427734,584,348,1140,995
405,person,0.7340551614761353,1245,100,1741,1059
405,dining table,0.5952484607696533,480,724,1311,1070
405,person,0.49135592579841614,1474,104,1754,1037
405,person,0.4669058620929718,1490,350,1785,928
405,tie,0.4303571581840515,1472,290,1541,500
405,tie,0.4036920964717865,1476,297,1542,446
406,person,0.8493326306343079,587,353,1142,989
406,person,0.813883364200592,1282,95,1744,1069
406,person,0.5678478479385376,1490,350,1799,935
406,dining table,0.5516863465309143,476,722,1307,1071
406,person,0.4342385530471802,788,319,1009,550
406,person,0.4341626763343811,1433,112,1760,1041
407,person,0.8589364886283875,583,356,1137,990
407,person,0.8536069393157959,1293,96,1749,1064
407,person,0.5566772818565369,1442,114,1761,1046
407,dining table,0.5480670928955078,474,721,1304,1070
407,person,0.5410692691802979,1489,347,1782,937
407,person,0.5154165625572205,785,317,1008,550
407,bottle,0.4915200173854828,150,378,180,448
408,person,0.8640671968460083,581,346,1133,992
408,person,0.813258945941925,1298,94,1745,1062
408,dining table,0.5628551244735718,472,722,1305,1070
408,person,0.47212886810302734,1502,345,1791,977
408,person,0.44660648703575134,787,319,1005,550
408,backpack,0.4354982078075409,1036,610,1145,734
408,bottle,0.41456034779548645,147,379,177,447
409,person,0.8748171925544739,574,350,1130,999
409,person,0.7819021940231323,1300,93,1740,1061
409,dining table,0.5087317824363708,460,732,1304,1070
409,person,0.47547414898872375,1503,351,1765,933
409,backpack,0.4297594130039215,1036,612,1141,733
410,person,0.8736537098884583,576,347,1130,1000
410,person,0.661483108997345,1302,92,1706,1058
410,dining table,0.5646260380744934,459,734,1303,1070
410,person,0.5322049260139465,1511,351,1774,950
410,bottle,0.5000646114349365,143,378,171,448
411,person,0.8716583251953125,571,355,1127,1003
411,person,0.7676812410354614,1303,93,1650,1061
411,bottle,0.6577728986740112,140,377,170,449
411,dining table,0.5529247522354126,471,726,1306,1069
411,person,0.5429317951202393,1513,351,1787,926
411,person,0.4456148147583008,776,315,1003,547
411,backpack,0.4058999717235565,1034,612,1134,732
412,person,0.8707154989242554,570,362,1129,1004
412,person,0.6347784996032715,1316,96,1753,1049
412,bottle,0.5938736796379089,138,377,168,451
412,person,0.5879034399986267,776,316,997,548
412,person,0.5362637042999268,1525,351,1779,928
412,backpack,0.5047680735588074,1029,612,1137,733
412,dining table,0.4746664762496948,466,719,1305,1067
413,person,0.8712901473045349,570,360,1126,1000
413,person,0.8206137418746948,1326,94,1774,1057
413,person,0.6445420384407043,776,315,992,548
413,bottle,0.5455963015556335,135,375,164,449
413,dining table,0.4075809121131897,461,720,1303,1068
414,person,0.877417802810669,573,362,1126,999
414,person,0.8187244534492493,1320,95,1775,1065
414,dining table,0.4641522169113159,483,724,1302,1070
414,person,0.46388235688209534,774,313,989,548
415,person,0.8675456643104553,569,358,1127,1003
415,person,0.8496219515800476,1313,92,1774,1065
415,dining table,0.625684916973114,460,722,1301,1070
415,person,0.4419790208339691,775,316,983,545
415,backpack,0.41892433166503906,1016,610,1136,733
416,person,0.8670263886451721,566,349,1126,1003
416,person,0.8668360114097595,1309,92,1774,1062
416,dining table,0.592403769493103,459,725,1297,1070
416,backpack,0.46946778893470764,1017,610,1135,733
417,person,0.859974205493927,565,354,1125,998
417,person,0.8286536335945129,1305,94,1750,1065
417,dining table,0.5914508104324341,461,725,1294,1072
418,person,0.8630951046943665,564,345,1125,991
418,person,0.8561426997184753,1305,101,1767,1064
418,dining table,0.5836334228515625,459,726,1293,1071
418,tie,0.4442504942417145,1547,286,1604,483
419,person,0.8519858121871948,561,352,1120,991
419,person,0.8249960541725159,1298,103,1730,1066
419,dining table,0.6655909419059753,456,725,1290,1071
419,person,0.4520112872123718,764,316,980,545
419,dining table,0.4306113123893738,1566,572,1918,1040
420,person,0.8717246651649475,559,349,1121,990
420,person,0.8188117146492004,1298,97,1765,1064
420,dining table,0.6424309611320496,462,724,1289,1070
420,person,0.43592575192451477,762,314,980,549
421,person,0.8680234551429749,550,336,1122,996
421,person,0.8659518361091614,1291,111,1834,1068
421,dining table,0.622742772102356,451,714,1284,1071
422,person,0.8927791118621826,1291,114,1832,1067
422,person,0.8598144054412842,550,359,1124,997
422,dining table,0.5791805386543274,452,710,1281,1071
423,person,0.8926015496253967,1308,114,1867,1065
423,person,0.8578747510910034,550,362,1121,992
423,dining table,0.5657747983932495,447,713,1278,1071
423,person,0.43302419781684875,752,317,971,549
424,person,0.9180377125740051,1297,113,1852,1065
424,person,0.8336723446846008,546,360,1111,1003
424,dining table,0.5267947316169739,448,724,1277,1071
425,person,0.904852032661438,1321,112,1910,1064
425,person,0.8687724471092224,545,353,1109,990
425,dining table,0.5366138815879822,448,724,1276,1071
425,bottle,0.47077247500419617,103,375,133,450
425,backpack,0.45432010293006897,1000,611,1112,732
426,person,0.9168418645858765,1296,110,1905,1065
426,person,0.8506787419319153,542,354,1104,994
426,bottle,0.5180719494819641,101,378,130,451
426,dining table,0.4501882493495941,447,727,1276,1073
427,person,0.9215090870857239,1302,107,1888,1064
427,person,0.8506693840026855,541,354,1098,989
427,bottle,0.4972172677516937,97,378,126,451
427,dining table,0.49095773696899414,446,720,1274,1072
428,person,0.9020658731460571,1294,103,1860,1062
428,person,0.866344690322876,537,358,1101,993
428,bottle,0.6961446404457092,94,378,124,454
428,dining table,0.5776646733283997,442,715,1271,1072
428,backpack,0.43879562616348267,996,610,1110,732
429,person,0.9039266109466553,1304,97,1887,1063
429,person,0.8551673293113708,535,361,1091,991
429,bottle,0.7414912581443787,92,375,120,452
429,dining table,0.5500486493110657,442,726,1269,1072
429,person,0.42925238609313965,740,321,963,550
430,person,0.9112228155136108,1306,98,1874,1063
430,person,0.8671331405639648,532,360,1091,1000
430,bottle,0.683344841003418,88,374,115,452
430,dining table,0.4912479519844055,437,719,1268,1070
430,person,0.4377412796020508,738,321,959,548
431,person,0.9106664657592773,1306,93,1882,1062
431,person,0.8557648062705994,524,364,1088,1009
431,bottle,0.5219011902809143,83,374,112,452
431,person,0.5015535354614258,739,318,957,552
431,dining table,0.4747234284877777,441,720,1268,1070
432,person,0.9182544350624084,1313,94,1911,1064
432,person,0.8734981417655945,526,357,1082,994
432,dining table,0.5684767365455627,431,737,1260,1072
432,chair,0.44780397415161133,1306,476,1530,955
432,bottle,0.4110557436943054,81,374,110,451
433,person,0.9209465384483337,1316,90,1888,1065
433,person,0.861529529094696,515,356,1064,1004
433,dining table,0.5635879039764404,426,726,1255,1071
433,chair,0.48890843987464905,1280,468,1547,961
433,bottle,0.47198286652565,77,375,108,451
434,person,0.9331932067871094,1337,89,1900,1065
434,person,0.831710159778595,520,353,1051,993
434,dining table,0.6815858483314514,424,726,1251,1072
434,chair,0.5972404479980469,1274,465,1561,985
435,person,0.9470592737197876,1377,86,1918,1062
435,person,0.8366873264312744,502,353,1034,1004
435,dining table,0.549122154712677,422,719,1250,1071
436,person,0.9435957670211792,1381,90,1916,1056
436,person,0.858124315738678,507,354,1025,993
436,dining table,0.4566361904144287,423,722,1249,1069
436,chair,0.44379839301109314,1279,451,1584,1035
437,person,0.9469369649887085,1409,83,1916,1054
437,person,0.8693293333053589,502,357,1018,994
437,chair,0.7306329011917114,1273,443,1584,1025
437,dining table,0.46148303151130676,420,728,1245,1073
438,person,0.9366342425346375,1440,83,1917,1050
438,person,0.8768540024757385,480,355,997,1004
438,chair,0.7044481635093689,1271,445,1589,1025
438,dining table,0.5508007407188416,423,714,1243,1069
439,person,0.8978105783462524,1509,80,1916,1052
439,person,0.8710090517997742,469,357,996,1004
439,dining table,0.5237467288970947,409,723,1240,1071
439,chair,0.43157118558883667,1264,438,1599,1057
440,person,0.8999844789505005,1522,79,1917,1054
440,person,0.8849509954452515,444,357,991,1024
440,person,0.5199382305145264,717,327,929,543
440,chair,0.4331652522087097,1257,410,1599,1053
441,person,0.9036445021629333,1547,81,1917,1057
441,person,0.8746383190155029,441,356,993,1034
441,tv,0.4723661541938782,194,10,573,350
442,person,0.8663997650146484,441,357,991,1029
442,person,0.8540730476379395,1554,80,1919,1062
442,person,0.6341878175735474,1396,377,1619,895
442,dining table,0.41684719920158386,408,724,1228,1073
443,person,0.8631088733673096,1548,81,1919,1064
443,person,0.8587827682495117,438,356,986,1026
443,dining table,0.4097459018230438,411,725,1227,1073
444,person,0.9075074791908264,1545,82,1920,1061
444,person,0.8538382053375244,441,356,983,1025
445,person,0.8984358906745911,1541,82,1919,1063
445,person,0.8658244013786316,443,354,974,1024
446,person,0.8931129574775696,1538,80,1919,1064
446,person,0.8459327816963196,437,354,959,1020
446,person,0.463458389043808,700,313,907,541
446,dining table,0.4107664227485657,398,723,1220,1073
447,person,0.8967110514640808,1537,82,1919,1066
447,person,0.8370629549026489,435,353,948,1021
447,person,0.47053012251853943,695,316,906,542
447,dining table,0.4547780156135559,392,711,1217,1071
448,person,0.8982014656066895,1532,81,1919,1067
448,person,0.8216031193733215,434,350,963,1019
448,person,0.563937246799469,1376,348,1646,957
448,person,0.5462404489517212,693,310,904,539
448,dining table,0.4134867489337921,395,725,1212,1072
449,person,0.8927605152130127,1525,82,1919,1066
449,person,0.8518377542495728,427,350,968,1040
449,person,0.6566647887229919,1400,346,1652,984
449,person,0.638945460319519,687,308,902,541
449,dining table,0.425348699092865,1232,582,1645,1060
449,dining table,0.401626855134964,391,716,1208,1073
450,person,0.9016070365905762,1522,81,1919,1066
450,person,0.8679285049438477,421,348,969,1041
450,person,0.779970645904541,1405,347,1650,915
450,person,0.5313670635223389,683,307,887,537
450,chair,0.48919567465782166,1340,490,1404,616
450,dining table,0.4218613803386688,1231,569,1649,1062
450,dining table,0.4072047173976898,388,719,1203,1073
451,person,0.9008816480636597,1524,86,1919,1067
451,person,0.8586787581443787,420,345,964,1031
451,person,0.5710952281951904,1400,346,1647,923
451,dining table,0.4960108697414398,1228,590,1645,1062
451,dining table,0.433984637260437,385,717,1199,1074
451,backpack,0.40387699007987976,919,608,1081,738
452,person,0.9121381640434265,1517,88,1919,1067
452,person,0.880765974521637,408,347,963,1036
452,person,0.746177077293396,1407,348,1650,913
452,chair,0.5178091526031494,1335,489,1402,612
452,dining table,0.4586162269115448,1228,580,1645,1063
453,person,0.907907247543335,1519,88,1919,1066
453,person,0.8554203510284424,409,347,955,1035
453,person,0.7506163716316223,1405,348,1649,913
453,dining table,0.4729878604412079,1225,558,1642,1060
453,dining table,0.46842074394226074,383,721,1195,1073
453,chair,0.40104857087135315,1328,489,1408,614
454,person,0.9152573347091675,1520,90,1919,1066
454,person,0.873803436756134,404,348,954,1037
454,person,0.7570129632949829,1384,350,1647,912
454,dining table,0.5075133442878723,379,721,1193,1073
454,chair,0.4212813079357147,1326,490,1415,616
455,person,0.9134229421615601,1520,90,1919,1067
455,person,0.8626097440719604,398,348,944,1036
455,person,0.6224038600921631,1380,349,1646,914
455,person,0.5461413264274597,667,329,858,535
455,dining table,0.5010671615600586,377,723,1190,1073
455,chair,0.4585094451904297,1322,490,1391,613
456,person,0.9067397117614746,1518,87,1919,1067
456,person,0.8570650219917297,390,346,932,1030
456,person,0.7605236768722534,1374,349,1643,912
456,dining table,0.5099900960922241,363,728,1187,1074
457,person,0.9036871790885925,1519,82,1919,1067
457,person,0.8732748031616211,388,347,932,1019
457,person,0.8354905247688293,1374,347,1644,908
457,person,0.5701377391815186,659,313,868,541
457,dining table,0.5249437093734741,369,719,1182,1074
457,chair,0.4788990318775177,1314,490,1377,614
457,backpack,0.42474374175071716,904,609,1057,739
458,person,0.909866988658905,1513,83,1919,1066
458,person,0.8520255088806152,386,348,924,1012
458,person,0.6527392268180847,1377,349,1638,907
458,backpack,0.5415986180305481,906,608,1062,739
458,dining table,0.5017592906951904,351,727,1181,1073
458,dining table,0.43417593836784363,1203,531,1625,1059
459,person,0.9199951887130737,1512,89,1919,1066
459,person,0.8496737480163574,379,348,900,1020
459,person,0.5981382131576538,1381,349,1637,913
459,dining table,0.5076615810394287,346,728,1179,1074
459,chair,0.4239790141582489,1306,490,1374,612
460,person,0.9275845289230347,1521,89,1919,1067
460,person,0.8394528031349182,379,349,907,1018
460,person,0.7763000726699829,1358,349,1631,899
460,dining table,0.5260805487632751,347,729,1174,1074
461,person,0.9292126297950745,1527,98,1919,1068
461,person,0.8462487459182739,377,348,921,1025
461,person,0.7645601034164429,1350,346,1625,915
461,dining table,0.5240492224693298,350,729,1169,1073
462,person,0.9239667057991028,1534,98,1919,1066
462,person,0.8470541834831238,368,348,881,1035
462,person,0.7681113481521606,1349,348,1620,904
462,dining table,0.4694819152355194,350,726,1163,1073
463,person,0.8949643969535828,1534,95,1919,1065
463,person,0.8427647948265076,365,349,893,1032
463,person,0.8043238520622253,1334,346,1616,902
463,person,0.5464470982551575,1548,375,1919,1059
463,dining table,0.519991934299469,343,726,1159,1073
463,person,0.46416470408439636,635,305,845,540
463,chair,0.4363676607608795,1291,488,1383,611
464,person,0.8683936595916748,1554,98,1919,1063
464,person,0.8495463728904724,358,347,895,1035
464,person,0.7718744277954102,1328,346,1625,905
464,dining table,0.5045732259750366,345,726,1155,1073
465,person,0.8732278943061829,1577,131,1919,1066
465,person,0.8503764271736145,356,347,893,1043
465,person,0.7677634358406067,1333,349,1620,898
465,dining table,0.45111480355262756,341,726,1153,1073
466,person,0.87880539894104,348,345,904,1045
466,person,0.7937089204788208,1587,161,1919,1065
466,person,0.7829621434211731,1325,347,1605,902
466,dining table,0.48160526156425476,340,727,1149,1073
466,person,0.4251919686794281,619,319,826,538
466,person,0.40711572766304016,1782,157,1919,1080
467,person,0.8792348504066467,345,347,904,1041
467,person,0.8648289442062378,1610,183,1919,1065
467,person,0.7595952153205872,1324,346,1585,904
467,dining table,0.40736645460128784,338,728,1144,1074
468,person,0.8451621532440186,343,348,889,1020
468,person,0.8196550607681274,1322,349,1603,902
468,person,0.7365180850028992,1631,179,1919,1061
468,person,0.6742621064186096,1789,185,1919,1063
468,dining table,0.4205324351787567,334,729,1139,1074
468,person,0.4055292308330536,613,307,803,538
469,person,0.8676091432571411,339,348,879,1028
469,person,0.8376147747039795,1312,343,1600,902
469,person,0.7457993626594543,1723,181,1919,1055
469,person,0.6339666843414307,1797,192,1919,1068
469,person,0.4936705529689789,606,308,819,543
470,person,0.8784699440002441,333,344,877,1044
470,person,0.8312687277793884,1314,346,1598,899
470,person,0.773159384727478,1778,198,1919,1055
470,chair,0.45310771465301514,1691,558,1827,892
470,backpack,0.41840821504592896,856,610,1009,739
471,person,0.875348687171936,331,348,880,1048
471,person,0.803252637386322,1786,199,1919,1056
471,person,0.7814375162124634,1312,342,1592,901
471,dining table,0.5246780514717102,1151,554,1811,1059
471,person,0.4709154963493347,598,322,811,538
472,person,0.8600288033485413,324,341,876,1044
472,person,0.8116101026535034,1781,210,1919,1057
472,person,0.7693249583244324,1307,344,1597,898
472,dining table,0.4460770785808563,1146,562,1811,1058
472,chair,0.4137430787086487,1253,485,1345,608
473,person,0.8935349583625793,320,347,876,1042
473,person,0.8292869329452515,1310,345,1589,899
473,person,0.7923199534416199,1766,210,1919,1059
473,person,0.41399046778678894,588,306,806,540
473,backpack,0.40232110023498535,845,608,1004,737
474,person,0.880986750125885,317,349,872,1041
474,person,0.8212675452232361,1307,344,1587,899
474,person,0.7842614054679871,1757,208,1919,1064
474,person,0.5006813406944275,586,313,800,542
475,person,0.8826444745063782,312,351,873,1048
475,person,0.8035243153572083,1304,344,1584,897
475,person,0.796248197555542,1753,218,1919,1062
475,person,0.5614957809448242,580,315,793,538
475,dining table,0.40271973609924316,1136,555,1789,1059
476,person,0.8917336463928223,305,349,871,1051
476,person,0.8422726988792419,1289,346,1576,898
476,person,0.8001492023468018,1749,222,1919,1063
477,person,0.8573988080024719,299,349,864,1054
477,person,0.846554696559906,1283,346,1571,899
477,person,0.776543915271759,1745,226,1919,1061
478,person,0.8766201734542847,299,354,860,1045
478,person,0.8564010262489319,1277,346,1564,899
478,person,0.8213931918144226,1743,240,1919,1064
478,person,0.40353477001190186,565,307,788,543
479,person,0.8848010897636414,299,357,856,1039
479,person,0.8781789541244507,1274,347,1559,898
479,person,0.8324053287506104,1737,247,1919,1064
479,person,0.6911632418632507,564,308,769,538
479,dining table,0.4596655070781708,310,728,1095,1074
480,person,0.8733500242233276,286,356,856,1051
480,person,0.8268491625785828,1733,244,1919,1064
480,person,0.8216525912284851,1267,347,1553,897
480,dining table,0.426126629114151,302,730,1090,1074
481,person,0.8704759478569031,279,354,855,1052
481,person,0.8546701669692993,1274,347,1546,897
481,person,0.8377017378807068,1726,254,1919,1065
481,person,0.40190941095352173,551,316,751,537
482,person,0.8799495100975037,274,354,849,1057
482,person,0.8795163631439209,1254,351,1544,897
482,person,0.8191700577735901,1721,264,1919,1065
482,dining table,0.43991273641586304,294,730,1085,1074
483,person,0.867569625377655,271,354,835,1048
483,person,0.8307847380638123,1257,349,1538,897
483,person,0.8159851431846619,1721,277,1919,1064
483,person,0.4457835555076599,545,317,764,540
483,dining table,0.4155671298503876,284,729,1083,1074
484,person,0.8785669207572937,264,354,836,1054
484,person,0.8242661952972412,1242,350,1530,897
484,person,0.7881330847740173,1719,274,1919,1063
484,person,0.4014979302883148,543,315,758,538
485,person,0.8923565745353699,258,356,830,1054
485,person,0.8232619762420654,1239,346,1527,898
485,person,0.7710623145103455,1719,290,1917,1060
485,dining table,0.4516323208808899,276,727,1071,1073
485,book,0.40330174565315247,130,633,268,697
486,person,0.8623550534248352,256,351,827,1057
486,person,0.8323494791984558,1238,347,1525,900
486,person,0.6485922336578369,1720,314,1916,1062
486,dining table,0.488227516412735,268,727,1065,1072
487,person,0.8800591826438904,249,355,816,1055
487,person,0.8276891708374023,1231,348,1520,903
487,person,0.5567797422409058,522,322,733,536
487,dining table,0.457535058259964,267,728,1063,1072
487,person,0.41078662872314453,1720,440,1915,1062
488,person,0.8723996877670288,243,355,814,1055
488,person,0.749862790107727,1227,345,1512,902
488,chair,0.6563237905502319,1604,434,1908,947
488,person,0.571057140827179,517,312,737,542
488,dining table,0.4381181001663208,267,729,1058,1073
489,person,0.8747644424438477,239,354,798,1056
489,person,0.7634324431419373,1221,346,1511,902
489,person,0.669308066368103,513,311,731,540
489,person,0.5144383311271667,1702,534,1918,1069
489,dining table,0.481243759393692,1078,556,1802,976
489,chair,0.4546298384666443,1601,444,1909,938
490,person,0.8838284015655518,237,347,809,1058
490,person,0.8168781995773315,1220,343,1503,901
490,tv,0.6088164448738098,0,6,365,352
490,person,0.4955326020717621,1704,538,1918,1067
490,dining table,0.48177629709243774,1088,563,1748,950
490,person,0.44800859689712524,507,311,733,540
491,person,0.8732077479362488,235,346,797,1055
491,person,0.825242817401886,1218,344,1500,902
491,dining table,0.4417557716369629,246,731,1044,1073
491,tv,0.42806506156921387,0,7,360,357
492,person,0.8904958367347717,227,347,788,1054
492,person,0.8467526435852051,1211,342,1495,903
493,person,0.8923496603965759,224,348,792,1052
493,person,0.8670908212661743,1209,344,1495,899
493,chair,0.46338221430778503,1718,438,1887,870
494,person,0.8980826139450073,221,350,785,1045
494,person,0.8080628514289856,1213,341,1490,895
494,person,0.5961019396781921,490,309,717,544
494,chair,0.5104649066925049,1714,437,1919,937
495,person,0.8742417097091675,218,354,780,1043
495,person,0.8293120265007019,1212,342,1489,894
495,person,0.5485086441040039,485,309,716,546
495,dining table,0.5178379416465759,246,722,1033,1073
495,chair,0.43562808632850647,1574,438,1899,916
495,chair,0.4157315194606781,1703,437,1917,913
495,dining table,0.40276989340782166,1045,554,1766,928
496,person,0.8628815412521362,214,357,774,1049
496,person,0.8441586494445801,1204,344,1482,895
496,dining table,0.6354198455810547,246,723,1026,1069
496,chair,0.6221104264259338,1716,434,1919,817
496,person,0.5292558670043945,478,307,713,548
497,person,0.8722656965255737,211,358,714,1039
497,person,0.8427053093910217,1209,344,1477,895
497,dining table,0.6663504242897034,245,725,1017,1071
497,person,0.6605042219161987,476,314,700,545
497,chair,0.6135308146476746,1709,435,1919,838
497,dining table,0.4673870801925659,1039,520,1759,1051
497,chair,0.44000619649887085,0,443,187,658
