frame,label,confidence,x1,y1,x2,y2
0,person,0.8824575543403625,1062,439,1655,971
0,person,0.8662877082824707,1394,307,1686,584
0,person,0.8629395961761475,490,79,709,662
0,person,0.6847647428512573,312,379,652,1069
0,dining table,0.5064573287963867,701,772,1917,1076
0,bottle,0.44676223397254944,889,356,915,422
0,chair,0.4438724219799042,92,398,261,499
0,tie,0.43011683225631714,568,200,626,294
0,backpack,0.4121907353401184,1721,672,1915,863
0,person,0.4049956798553467,312,380,639,715
1,person,0.883950412273407,1064,438,1655,969
1,person,0.8641090393066406,486,79,709,661
1,person,0.8617846965789795,1395,307,1687,584
1,person,0.6806588172912598,304,375,650,1065
1,person,0.5178830027580261,311,379,638,715
1,dining table,0.5009516477584839,695,772,1917,1077
1,chair,0.4591331481933594,91,398,261,498
1,chair,0.4282032251358032,254,532,354,714
1,tie,0.41230297088623047,572,199,625,294
2,person,0.8821156024932861,1395,308,1688,585
2,person,0.8802344799041748,1060,438,1655,970
2,person,0.8698246479034424,484,78,708,658
2,person,0.690754234790802,301,373,653,1066
2,person,0.5313187837600708,309,378,638,715
2,dining table,0.5275883078575134,694,771,1917,1077
2,chair,0.4476739764213562,89,397,260,499
2,tie,0.4430699944496155,570,201,623,293
3,person,0.8903465867042542,1396,308,1690,584
3,person,0.8832314610481262,1062,433,1655,972
3,person,0.8670971989631653,481,78,706,657
3,person,0.7032739520072937,301,373,654,1066
3,person,0.5967446565628052,307,377,638,714
3,dining table,0.5440093874931335,695,771,1917,1077
3,chair,0.4375603497028351,89,397,258,498
3,bottle,0.40433967113494873,886,356,914,427
4,person,0.8821598291397095,1062,434,1655,970
4,person,0.8798527121543884,1397,308,1691,584
4,person,0.8765366077423096,482,78,705,656
4,person,0.711700439453125,302,373,653,1066
4,dining table,0.5452985763549805,695,770,1917,1077
4,person,0.5382352471351624,308,377,638,714
4,chair,0.4271697700023651,89,397,257,497
5,person,0.8795809149742126,1060,437,1654,965
5,person,0.8770386576652527,481,79,704,654
5,person,0.8720983862876892,1398,312,1690,584
5,person,0.7165476083755493,301,373,649,1066
5,person,0.5553715825080872,308,377,638,713
5,dining table,0.5497467517852783,698,769,1916,1077
5,chair,0.4246419370174408,87,396,256,498
6,person,0.8797470331192017,1060,437,1653,965
6,person,0.8765036463737488,480,79,702,653
6,person,0.8721951246261597,1398,312,1691,584
6,person,0.73099684715271,305,376,652,1068
6,dining table,0.546314001083374,696,769,1916,1076
6,person,0.49718648195266724,307,377,638,713
6,chair,0.4570716321468353,87,397,256,498
7,person,0.8821426033973694,480,79,701,654
7,person,0.8804649710655212,1063,432,1652,970
7,person,0.8714494109153748,1398,313,1691,585
7,person,0.7418632507324219,304,376,652,1068
7,dining table,0.5513585805892944,697,771,1917,1077
7,chair,0.5293866991996765,86,397,256,498
7,person,0.4740927219390869,307,377,639,714
7,chair,0.41565242409706116,96,397,288,734
8,person,0.882185161113739,479,79,700,654
8,person,0.8783883452415466,1061,436,1652,964
8,person,0.843669056892395,1398,313,1691,583
8,person,0.746240496635437,303,376,651,1069
8,dining table,0.570686399936676,695,772,1916,1077
8,person,0.49836066365242004,306,377,639,713
8,chair,0.48507794737815857,86,396,255,497
8,chair,0.40797916054725647,95,396,295,734
9,person,0.8823626637458801,478,79,700,653
9,person,0.8776795864105225,1062,435,1650,964
9,person,0.8451531529426575,1397,315,1690,584
9,person,0.75445157289505,305,376,653,1067
9,dining table,0.5639236569404602,695,772,1916,1076
9,person,0.48276057839393616,307,377,639,713
9,chair,0.45184484124183655,86,396,254,497
10,person,0.8803208470344543,1065,432,1649,970
10,person,0.8800337910652161,477,79,699,653
10,person,0.8058343529701233,1398,315,1690,582
10,person,0.7384240031242371,304,376,654,1067
10,dining table,0.5491262674331665,695,771,1916,1076
10,person,0.5389536619186401,307,377,639,712
10,chair,0.48609694838523865,85,396,254,497
11,person,0.8776012063026428,1065,432,1649,971
11,person,0.8707066178321838,476,76,698,634
11,person,0.8083418011665344,1397,317,1690,584
11,person,0.7474851012229919,305,376,653,1067
11,dining table,0.5585042238235474,694,771,1916,1076
11,person,0.5184451341629028,307,377,638,713
12,person,0.8755130767822266,1061,430,1643,967
12,person,0.8697260022163391,475,76,697,633
12,person,0.7482180595397949,305,377,653,1067
12,person,0.7213632464408875,1396,316,1691,582
12,dining table,0.5696146488189697,699,770,1916,1076
12,person,0.514126181602478,307,378,638,713
12,chair,0.40039917826652527,84,396,253,499
13,person,0.8767460584640503,1060,431,1643,967
13,person,0.8667324781417847,474,77,696,634
13,person,0.7191218137741089,302,378,656,1068
13,person,0.7057030200958252,1395,318,1690,586
13,person,0.581497848033905,308,380,639,713
13,dining table,0.5583145618438721,700,770,1916,1076
13,chair,0.42930835485458374,84,397,253,499
14,person,0.8791975975036621,1060,430,1644,968
14,person,0.8619354963302612,473,77,694,630
14,person,0.7006924748420715,301,381,659,1068
14,person,0.6431193351745605,1396,318,1690,573
14,person,0.5992922782897949,308,382,640,714
14,dining table,0.5387715697288513,697,772,1916,1077
15,person,0.8808727860450745,1061,430,1643,968
15,person,0.8625703454017639,471,78,692,632
15,person,0.7125915288925171,306,382,657,1067
15,person,0.6576182842254639,1398,319,1688,570
15,person,0.5662903189659119,308,383,640,715
15,dining table,0.5327787399291992,700,773,1916,1077
16,person,0.8807780742645264,1059,431,1643,968
16,person,0.858411967754364,470,79,692,630
16,person,0.755418062210083,308,383,653,1067
16,person,0.6851382255554199,1396,320,1690,575
16,dining table,0.5358815789222717,704,772,1916,1077
16,backpack,0.41372790932655334,1708,671,1901,857
17,person,0.8805798292160034,1061,437,1647,970
17,person,0.859216570854187,470,80,692,630
17,person,0.7494714856147766,310,383,653,1066
17,person,0.6820885539054871,1394,320,1690,581
17,dining table,0.5469503998756409,708,773,1916,1077
17,chair,0.40516072511672974,83,399,252,501
18,person,0.8819584846496582,1062,439,1646,970
18,person,0.8574539422988892,468,80,690,628
18,person,0.7630525231361389,312,384,653,1066
18,person,0.6966800093650818,1393,322,1689,583
18,dining table,0.5611773729324341,708,775,1916,1077
18,chair,0.4577561616897583,83,399,253,501
18,chair,0.41649964451789856,252,537,351,717
19,person,0.8848716616630554,1061,439,1645,971
19,person,0.8586185574531555,468,84,688,658
19,person,0.7496520280838013,314,383,653,1066
19,person,0.7014381289482117,1392,324,1689,582
19,dining table,0.556522786617279,711,776,1916,1077
19,chair,0.4185648560523987,82,400,252,501
19,tie,0.41111671924591064,540,199,618,296
20,person,0.8816473484039307,1061,439,1646,972
20,person,0.8612762093544006,468,85,688,658
20,person,0.7480959892272949,309,381,647,1064
20,person,0.6722903847694397,1392,324,1689,584
20,tie,0.6070613265037537,542,202,614,294
20,dining table,0.5449976921081543,715,777,1916,1077
20,chair,0.48913633823394775,82,401,252,502
21,person,0.8831279277801514,1064,439,1646,976
21,person,0.8587873578071594,468,86,688,655
21,person,0.7570713758468628,309,379,650,1064
21,tie,0.7027437090873718,544,204,612,295
21,person,0.6806920766830444,1393,324,1689,587
21,dining table,0.5111963152885437,718,777,1916,1076
21,chair,0.45920529961586,82,401,252,502
22,person,0.8778762817382812,1066,439,1647,979
22,person,0.8578181266784668,467,82,687,622
22,person,0.7313932180404663,1393,325,1689,585
22,person,0.7203041911125183,313,379,651,1068
22,tie,0.6706052422523499,542,205,611,297
22,dining table,0.4932381510734558,713,776,1916,1077
22,chair,0.4253028929233551,253,538,353,720
23,person,0.8773064613342285,1066,439,1647,979
23,person,0.8635982275009155,467,82,686,618
23,person,0.7849768996238708,1393,326,1689,590
23,person,0.7385600805282593,313,378,660,1068
23,tie,0.5548564791679382,540,206,610,298
23,chair,0.4923987090587616,253,538,354,721
23,dining table,0.4695757329463959,713,777,1916,1076
24,person,0.8814393281936646,1067,438,1647,976
24,person,0.8735965490341187,466,83,685,621
24,person,0.7827766537666321,1393,327,1688,587
24,person,0.7493830323219299,310,375,664,1065
24,tie,0.5860506892204285,543,207,608,299
24,chair,0.47894376516342163,253,539,354,724
24,dining table,0.46461009979248047,721,777,1916,1075
24,chair,0.42148858308792114,82,402,253,504
25,person,0.8767116069793701,1068,439,1647,976
25,person,0.8661988377571106,466,84,684,623
25,person,0.7820587754249573,1393,327,1688,586
25,person,0.7271066308021545,310,373,676,1065
25,tie,0.6620185375213623,546,208,604,298
25,chair,0.5087593793869019,255,538,355,724
25,chair,0.48106348514556885,83,403,253,504
25,dining table,0.47578319907188416,725,778,1916,1075
25,chair,0.4047592878341675,87,404,261,744
26,person,0.8769007325172424,1068,439,1649,982
26,person,0.8696262836456299,465,84,683,625
26,person,0.7627309560775757,1392,327,1688,588
26,person,0.6891524791717529,312,375,678,1068
26,tie,0.6609665751457214,546,207,603,299
26,chair,0.5116734504699707,83,404,253,504
26,dining table,0.48184260725975037,724,777,1917,1075
26,chair,0.47499874234199524,255,538,355,724
27,person,0.8787340521812439,1067,440,1651,976
27,person,0.8646953701972961,465,84,683,633
27,person,0.748381495475769,1392,326,1690,588
27,person,0.7011680603027344,312,374,687,1067
27,tie,0.6433124542236328,546,207,602,298
27,chair,0.5174586176872253,83,404,253,504
27,dining table,0.4772852957248688,725,778,1917,1075
27,chair,0.43007826805114746,255,538,356,724
28,person,0.8771758675575256,1068,436,1650,974
28,person,0.8639903664588928,464,84,683,623
28,person,0.7286255955696106,1395,327,1691,589
28,person,0.7262566089630127,310,375,676,1067
28,tie,0.6781019568443298,546,207,602,299
28,chair,0.5294151902198792,83,404,254,504
28,dining table,0.5276579260826111,733,777,1917,1075
28,chair,0.4230843186378479,254,538,357,724
29,person,0.8784006834030151,1068,441,1655,971
29,person,0.859976589679718,464,84,684,617
29,person,0.7519329786300659,1394,327,1691,590
29,person,0.7163159251213074,311,375,683,1069
29,tie,0.676605761051178,546,207,602,299
29,person,0.5754275918006897,308,376,655,727
29,chair,0.5471206903457642,84,403,254,504
29,dining table,0.5231547355651855,737,775,1918,1075
29,chair,0.5033928751945496,254,540,357,724
30,person,0.8833719491958618,1071,442,1656,971
30,person,0.8562686443328857,465,84,685,613
30,person,0.7609648704528809,1394,328,1691,590
30,person,0.7094141244888306,309,376,685,1067
30,person,0.6669914722442627,308,376,656,727
30,tie,0.6383047699928284,546,208,602,299
30,chair,0.534787118434906,84,404,254,504
30,dining table,0.5230584740638733,739,775,1917,1075
30,chair,0.45465990900993347,255,540,357,724
31,person,0.8832086324691772,1073,443,1657,972
31,person,0.8643012642860413,464,85,685,604
31,person,0.7963919043540955,1395,328,1692,594
31,person,0.7501199841499329,309,379,685,1067
31,tie,0.5737535357475281,546,208,604,301
31,person,0.5660234093666077,307,379,659,724
31,dining table,0.5178701281547546,741,773,1918,1075
31,chair,0.5034146904945374,85,405,254,504
31,chair,0.4539434611797333,256,540,357,724
32,person,0.876428484916687,1076,443,1657,976
32,person,0.8729879260063171,463,85,685,592
32,person,0.7779572010040283,1395,327,1692,595
32,person,0.7409762144088745,310,381,689,1069
32,person,0.6043187379837036,307,380,663,722
32,dining table,0.5305923223495483,743,772,1918,1075
32,tie,0.520131528377533,546,208,604,301
33,person,0.8816380500793457,464,85,685,579
33,person,0.8722072243690491,1068,444,1664,982
33,person,0.7891384363174438,1396,328,1692,596
33,person,0.7719564437866211,310,382,693,1069
33,tie,0.5788061618804932,546,208,607,304
33,dining table,0.532395601272583,751,772,1918,1075
33,person,0.4404333531856537,307,381,666,727
33,chair,0.4112504720687866,86,405,255,505
34,person,0.8710126876831055,1068,445,1664,981
34,person,0.865241289138794,465,85,686,577
34,person,0.7988095283508301,1397,329,1692,598
34,person,0.7229167819023132,306,382,693,1066
34,tie,0.560880720615387,546,208,607,303
34,dining table,0.5256080627441406,752,773,1918,1075
34,person,0.48304611444473267,306,383,667,729
34,chair,0.41601020097732544,259,542,354,725
35,person,0.8753620982170105,1069,444,1666,981
35,person,0.8574299216270447,466,86,687,573
35,person,0.7933207750320435,1397,330,1693,598
35,person,0.7309468984603882,302,383,691,1065
35,tie,0.5267303586006165,547,207,606,303
35,dining table,0.5081958770751953,755,773,1918,1075
35,person,0.4065305292606354,303,384,670,729
36,person,0.8785747289657593,1073,445,1667,977
36,person,0.8341514468193054,468,90,690,576
36,person,0.7876497507095337,1397,330,1693,597
36,person,0.7826758027076721,303,384,699,1065
36,dining table,0.5113623738288879,763,772,1919,1075
36,tie,0.4630957841873169,546,207,607,302
36,chair,0.40908437967300415,261,542,354,726
36,chair,0.40501898527145386,87,406,255,506
37,person,0.8816368579864502,1076,444,1668,977
37,person,0.8263821601867676,466,88,688,571
37,person,0.7999942898750305,1396,329,1694,598
37,person,0.7728940844535828,301,385,698,1065
37,dining table,0.5494693517684937,765,771,1919,1075
37,tie,0.5013096928596497,547,207,609,302
37,chair,0.4410085082054138,91,407,278,759
38,person,0.8840425610542297,1078,444,1670,976
38,person,0.8490043878555298,467,88,689,570
38,person,0.8098050951957703,1396,328,1695,599
38,person,0.762363851070404,299,385,700,1066
38,dining table,0.5439459085464478,767,771,1920,1076
38,tie,0.4689006507396698,546,206,614,302
39,person,0.8878511786460876,1081,444,1671,976
39,person,0.8572747111320496,469,91,691,571
39,person,0.8265867233276367,1397,329,1695,597
39,person,0.7399202585220337,301,386,702,1065
39,dining table,0.5319898128509521,773,772,1920,1075
39,tie,0.5171419978141785,542,205,613,303
39,book,0.5065615177154541,430,673,633,755
40,person,0.8908184170722961,1083,444,1673,977
40,person,0.8632668256759644,469,87,690,572
40,person,0.8321517705917358,1397,330,1695,595
40,person,0.6922146677970886,306,387,701,1066
40,book,0.5916098952293396,430,673,633,755
40,tie,0.5547167658805847,543,205,614,302
40,dining table,0.5452696084976196,774,771,1920,1075
40,person,0.5238920450210571,303,386,678,735
41,person,0.884842038154602,1083,444,1675,978
41,person,0.8590715527534485,468,88,692,572
41,person,0.821300745010376,1399,330,1696,596
41,person,0.66977459192276,303,387,709,1065
41,book,0.5953975319862366,438,674,637,754
41,tie,0.5513671040534973,543,204,622,303
41,person,0.5452481508255005,304,387,678,736
41,dining table,0.5289965867996216,778,773,1920,1075
41,bottle,0.4145004153251648,884,369,908,428
42,person,0.8873661756515503,1085,444,1674,978
42,person,0.8753064870834351,470,87,694,576
42,person,0.8291524052619934,1400,331,1697,596
42,person,0.6896153688430786,303,388,694,1065
42,person,0.6112613677978516,305,388,677,737
42,book,0.570472240447998,439,678,634,755
42,dining table,0.5489317178726196,773,773,1920,1075
42,tie,0.451895534992218,575,205,613,302
43,person,0.8874161243438721,1083,444,1675,978
43,person,0.8782229423522949,471,87,695,577
43,person,0.8247565031051636,1400,331,1698,595
43,person,0.6855318546295166,302,389,702,1065
43,person,0.5712211728096008,304,390,677,737
43,dining table,0.5534623861312866,773,773,1920,1076
43,book,0.48289451003074646,440,679,639,755
43,bottle,0.44427788257598877,885,367,910,428
43,tie,0.41518810391426086,568,206,615,303
44,person,0.8861868381500244,1083,443,1676,978
44,person,0.8761715292930603,472,87,694,574
44,person,0.8049129247665405,1400,332,1698,592
44,person,0.7155902981758118,302,390,703,1066
44,dining table,0.5515103936195374,777,774,1920,1077
44,book,0.5240864157676697,438,679,639,755
44,person,0.4598197340965271,303,390,679,741
44,tie,0.4104918837547302,574,206,613,305
44,bottle,0.4100383222103119,886,366,910,427
45,person,0.8796006441116333,1080,443,1677,979
45,person,0.8754430413246155,473,88,695,573
45,person,0.7943896055221558,302,391,700,1066
45,person,0.7642579078674316,1401,332,1699,591
45,dining table,0.510902464389801,779,773,1920,1077
45,book,0.494716614484787,435,679,638,756
45,person,0.4221019744873047,304,391,680,740
45,bottle,0.40427470207214355,886,367,911,427
46,person,0.8822504878044128,474,88,697,572
46,person,0.8785983920097351,1083,443,1679,979
46,person,0.806494414806366,302,392,703,1065
46,person,0.7570387721061707,1401,332,1699,593
46,dining table,0.5164928436279297,783,774,1920,1078
46,book,0.48892247676849365,441,679,639,756
46,bottle,0.4504106342792511,887,368,911,428
46,tie,0.43959468603134155,573,205,613,305
47,person,0.8803117871284485,476,87,699,574
47,person,0.8715691566467285,1078,442,1679,981
47,person,0.7939820885658264,301,393,699,1066
47,person,0.7486316561698914,1401,332,1700,591
47,book,0.5383269786834717,445,679,640,756
47,dining table,0.5305064916610718,784,773,1920,1077
47,bottle,0.46945106983184814,887,368,911,428
47,tie,0.41292262077331543,574,205,614,306
47,person,0.40380170941352844,302,394,683,740
48,person,0.8809664249420166,477,87,700,574
48,person,0.8693221211433411,1072,442,1680,983
48,person,0.8034430742263794,304,396,696,1069
48,person,0.7480431199073792,1403,332,1700,589
48,book,0.5377573370933533,443,679,642,756
48,dining table,0.5199995636940002,787,773,1920,1076
48,bottle,0.48798075318336487,887,369,912,429
48,tie,0.4654393494129181,572,204,615,306
49,person,0.8724902272224426,478,87,701,569
49,person,0.8705240488052368,1079,440,1679,984
49,person,0.7671804428100586,1403,333,1701,589
49,person,0.736669659614563,299,395,692,1066
49,dining table,0.5123394727706909,789,773,1920,1076
49,tie,0.4991556406021118,572,205,617,307
49,bottle,0.49876412749290466,887,370,912,430
49,book,0.48606202006340027,444,678,646,755
50,person,0.8800497055053711,479,88,701,567
50,person,0.8719638586044312,1085,440,1679,982
50,person,0.7808380722999573,1402,333,1702,589
50,person,0.7476281523704529,301,395,696,1066
50,bottle,0.5141440629959106,887,370,912,430
50,dining table,0.49481648206710815,793,773,1920,1076
50,book,0.4649645686149597,443,678,648,755
50,tie,0.46493127942085266,570,205,618,308
50,person,0.4023059606552124,304,395,690,739
51,person,0.8814135789871216,480,88,702,568
51,person,0.8694936633110046,1090,441,1680,981
51,person,0.7794400453567505,1402,334,1701,589
51,person,0.7602501511573792,302,397,699,1067
51,bottle,0.5674846768379211,887,370,912,429
51,book,0.49534815549850464,441,678,648,756
51,dining table,0.48306554555892944,795,773,1920,1076
51,person,0.47598087787628174,304,397,690,738
51,tie,0.4448762536048889,567,206,618,308
52,person,0.8746945261955261,481,89,703,568
52,person,0.8733075261116028,1092,441,1680,980
52,person,0.7802379131317139,304,397,701,1067
52,person,0.7767466306686401,1404,334,1702,589
52,bottle,0.563737154006958,887,370,913,428
52,book,0.4958529472351074,443,678,648,756
52,dining table,0.48503777384757996,793,772,1920,1076
52,person,0.4725216031074524,305,397,691,738
52,backpack,0.4001147150993347,1715,677,1918,868
53,person,0.8810139894485474,481,87,704,572
53,person,0.872638463973999,1091,440,1681,980
53,person,0.7722935676574707,1408,335,1702,587
53,person,0.6846314668655396,304,396,703,1066
53,person,0.580955982208252,306,397,691,738
53,bottle,0.5766730904579163,887,369,913,428
53,book,0.5051823854446411,444,676,649,755
53,dining table,0.47198933362960815,793,773,1920,1076
54,person,0.8807101845741272,483,87,704,571
54,person,0.8683161735534668,1090,439,1682,980
54,person,0.7688041925430298,1408,335,1703,588
54,person,0.6960669755935669,304,399,705,1066
54,bottle,0.5537492036819458,887,369,914,427
54,person,0.5066033005714417,306,400,693,738
54,book,0.4897991716861725,446,674,651,755
54,dining table,0.4666741192340851,793,773,1920,1077
54,tie,0.45484834909439087,571,205,621,309
54,backpack,0.4162464439868927,1716,677,1918,868
55,person,0.8782302737236023,485,87,707,570
55,person,0.8650665283203125,1089,439,1683,981
55,person,0.770443856716156,1409,336,1703,588
55,person,0.7520096898078918,306,400,701,1067
55,bottle,0.5131126046180725,887,370,914,426
55,book,0.5008882880210876,447,673,651,755
55,dining table,0.47488123178482056,794,773,1920,1077
55,person,0.4522971510887146,307,400,693,738
56,person,0.8767023682594299,484,86,707,574
56,person,0.865401029586792,1092,438,1683,980
56,person,0.7793154716491699,307,400,701,1067
56,person,0.7691846489906311,1408,336,1704,588
56,bottle,0.5110311508178711,885,368,914,425
56,book,0.48639976978302,448,674,652,755
56,dining table,0.48381322622299194,797,773,1920,1077
56,tie,0.4558137357234955,583,206,625,306
57,person,0.872209906578064,490,87,708,573
57,person,0.8630434274673462,1090,438,1684,982
57,person,0.7698236107826233,1411,335,1704,590
57,person,0.7660775184631348,305,400,702,1067
57,book,0.499738484621048,448,672,651,755
57,bottle,0.49050164222717285,886,367,914,426
57,dining table,0.4857242703437805,795,773,1920,1077
57,backpack,0.4276972711086273,1717,677,1919,864
57,tie,0.4210640490055084,584,206,630,307
58,person,0.8720619678497314,490,87,710,570
58,person,0.867204487323761,1091,438,1684,982
58,person,0.7752636075019836,304,400,703,1067
58,person,0.7748876214027405,1412,335,1704,589
58,tie,0.5518636703491211,577,204,631,309
58,dining table,0.5100126266479492,795,773,1920,1076
58,bottle,0.4893025755882263,888,369,914,427
59,person,0.8717682361602783,492,87,710,570
59,person,0.8650405406951904,1088,436,1686,983
59,person,0.7652418613433838,1413,335,1704,590
59,person,0.7439495921134949,306,402,706,1067
59,tie,0.5833742022514343,585,208,631,305
59,dining table,0.5256016254425049,793,773,1920,1077
59,bottle,0.4719073474407196,889,369,914,428
59,book,0.4257979094982147,452,674,654,755
60,person,0.8648694157600403,493,87,711,571
60,person,0.8617892265319824,1085,435,1686,983
60,person,0.7730569839477539,1416,335,1705,590
60,person,0.7052436470985413,307,401,703,1067
60,tie,0.5155107975006104,587,207,633,306
60,dining table,0.5002975463867188,794,772,1920,1076
60,bottle,0.46950650215148926,889,368,914,428
60,book,0.4369392693042755,455,673,654,755
60,backpack,0.42304882407188416,1720,676,1918,864
60,person,0.4146179258823395,310,403,694,738
61,person,0.8627241849899292,494,87,711,571
61,person,0.8620273470878601,1095,435,1692,984
61,person,0.7666657567024231,1423,334,1705,591
61,person,0.7075687050819397,305,402,702,1067
61,tie,0.5046638250350952,586,208,632,305
61,dining table,0.48417407274246216,796,772,1920,1076
61,book,0.4553786814212799,456,673,654,756
61,bottle,0.41383233666419983,889,368,914,428
61,backpack,0.4114997982978821,1720,675,1918,864
61,person,0.4011034667491913,311,402,694,738
62,person,0.8657253980636597,1100,435,1693,983
62,person,0.8640171885490417,494,89,712,572
62,person,0.7757936120033264,1426,334,1705,591
62,person,0.6338354349136353,306,404,707,1067
62,dining table,0.4794323146343231,798,774,1920,1076
62,tie,0.44731196761131287,588,207,634,306
62,backpack,0.4221615195274353,1719,676,1918,864
62,book,0.4193665683269501,455,672,653,755
63,person,0.8702953457832336,496,89,713,569
63,person,0.8664373159408569,1102,436,1689,981
63,person,0.7818446159362793,1427,332,1709,592
63,person,0.5812148451805115,311,406,721,1068
63,dining table,0.47343018651008606,798,774,1920,1076
63,book,0.45680439472198486,455,672,653,755
63,tie,0.4475081264972687,593,204,636,309
63,backpack,0.4299295246601105,1719,676,1918,863
64,person,0.8713289499282837,1106,437,1689,980
64,person,0.8679113388061523,496,90,714,570
64,person,0.8061203956604004,1427,332,1709,591
64,person,0.6334115862846375,308,407,717,1068
64,dining table,0.49075230956077576,798,773,1920,1076
64,book,0.4776167869567871,455,673,652,755
64,tie,0.45136409997940063,594,204,636,308
64,backpack,0.403595894575119,1719,676,1918,861
65,person,0.8708458542823792,1107,436,1689,981
65,person,0.864916205406189,497,91,715,569
65,person,0.8048009872436523,1426,332,1709,590
65,person,0.691551148891449,308,408,712,1070
65,dining table,0.523745059967041,801,773,1920,1076
65,tie,0.44953957200050354,594,209,636,308
65,book,0.42633992433547974,458,673,652,755
66,person,0.8710584044456482,1109,435,1687,982
66,person,0.868584394454956,498,91,715,570
66,person,0.8061328530311584,1423,332,1709,591
66,person,0.6999989151954651,307,408,711,1070
66,dining table,0.5048570036888123,802,773,1920,1076
66,book,0.448517382144928,458,674,653,755
66,tie,0.406650185585022,596,210,636,308
67,person,0.8701349496841431,1109,433,1688,982
67,person,0.8660473227500916,499,92,715,569
67,person,0.8005726337432861,1423,332,1709,591
67,person,0.6828349232673645,307,408,713,1069
67,dining table,0.48876509070396423,802,773,1920,1076
67,book,0.46951213479042053,459,674,654,755
67,tie,0.42068615555763245,598,210,636,308
68,person,0.8722119927406311,1109,434,1694,980
68,person,0.8638051748275757,499,92,716,570
68,person,0.8096470236778259,1423,333,1710,590
68,person,0.6820931434631348,307,409,728,1070
68,dining table,0.4945455491542816,803,774,1920,1076
68,tie,0.4793706238269806,600,210,636,308
68,book,0.45171043276786804,462,673,654,755
69,person,0.8759524822235107,1111,428,1690,981
69,person,0.8628696203231812,499,92,717,569
69,person,0.8068751692771912,1425,333,1710,590
69,person,0.6805360317230225,309,410,720,1070
69,dining table,0.5014636516571045,806,774,1919,1077
69,book,0.4948262870311737,463,673,656,756
69,tie,0.48943451046943665,601,210,636,308
69,backpack,0.42142605781555176,1721,675,1918,863
70,person,0.8722392916679382,1111,426,1690,982
70,person,0.862881064414978,500,92,717,569
70,person,0.8073858618736267,1423,333,1710,591
70,person,0.6928382515907288,313,410,712,1070
70,tie,0.5030483603477478,601,210,636,308
70,dining table,0.48902997374534607,808,775,1919,1076
70,book,0.4565886855125427,463,673,655,756
71,person,0.8735525608062744,1111,421,1695,984
71,person,0.8608675003051758,501,93,717,570
71,person,0.8036657571792603,1425,333,1710,590
71,person,0.7111515998840332,310,408,707,1070
71,book,0.4779851734638214,460,673,656,756
71,tie,0.4678173065185547,601,211,636,308
71,dining table,0.4630889296531677,810,776,1920,1076
71,chair,0.41710177063941956,114,556,293,765
71,backpack,0.40927648544311523,1720,675,1918,863
72,person,0.8798433542251587,1112,420,1696,985
72,person,0.8625836372375488,501,92,717,571
72,person,0.8014667630195618,1424,336,1706,590
72,person,0.7131942510604858,314,408,706,1069
72,dining table,0.4495488107204437,812,776,1920,1077
72,book,0.4317496120929718,463,674,654,756
72,tie,0.41754019260406494,600,211,636,308
72,backpack,0.40829378366470337,1720,675,1918,864
73,person,0.8799678087234497,1112,418,1698,985
73,person,0.8654782176017761,503,93,717,571
73,person,0.8036596775054932,1424,336,1705,589
73,person,0.6739805936813354,313,408,704,1069
73,book,0.4323383867740631,461,675,654,757
73,dining table,0.4211786389350891,812,776,1919,1077
73,backpack,0.4159969389438629,1721,675,1918,864
73,chair,0.41126590967178345,114,559,294,766
74,person,0.8791072964668274,1112,416,1699,986
74,person,0.8655783534049988,503,92,717,571
74,person,0.8002839088439941,1424,336,1706,589
74,person,0.6118017435073853,312,408,709,1069
74,book,0.4416928291320801,468,675,656,756
74,dining table,0.4216504395008087,813,777,1920,1078
74,chair,0.4127313494682312,114,559,295,768
74,backpack,0.41269999742507935,1720,676,1918,864
75,person,0.877026379108429,1112,416,1699,987
75,person,0.8655625581741333,503,93,717,570
75,person,0.7714557647705078,1424,337,1706,591
75,person,0.6103944182395935,310,411,733,1068
75,book,0.4535280466079712,468,676,657,757
75,backpack,0.4344427287578583,1721,675,1918,865
75,tie,0.4195508062839508,600,213,637,309
75,dining table,0.40324506163597107,815,777,1920,1078
76,person,0.8767977356910706,1112,415,1698,986
76,person,0.8663551211357117,503,92,717,569
76,person,0.7758751511573792,1424,337,1706,591
76,person,0.6352084279060364,312,411,719,1068
76,book,0.4542764127254486,466,677,657,757
76,backpack,0.4356400966644287,1721,676,1918,865
76,tie,0.4228293001651764,600,213,637,309
76,dining table,0.4021734595298767,816,777,1919,1078
77,person,0.8742533922195435,1111,415,1698,986
77,person,0.8686164021492004,503,92,717,568
77,person,0.7741623520851135,1424,337,1706,592
77,person,0.622098445892334,313,411,715,1067
77,book,0.4868852198123932,466,678,657,758
77,dining table,0.4668079614639282,817,777,1920,1078
77,tie,0.4333418011665344,599,213,637,309
77,chair,0.41056522727012634,957,655,1141,1022
78,person,0.876200258731842,1111,417,1700,982
78,person,0.8688100576400757,502,94,716,569
78,person,0.7911177277565002,1424,337,1705,592
78,person,0.5713672637939453,316,412,735,1067
78,book,0.49087366461753845,457,679,656,759
78,dining table,0.46380364894866943,819,777,1920,1078
78,tie,0.42112433910369873,599,214,637,309
78,backpack,0.4078967869281769,1722,676,1917,864
78,chair,0.4055348336696625,956,654,1141,1022
79,person,0.8755166530609131,1112,415,1702,982
79,person,0.8704038262367249,502,93,717,569
79,person,0.7973250150680542,1424,337,1705,591
79,person,0.5715168714523315,316,412,784,1068
79,book,0.5088022351264954,457,679,661,760
79,dining table,0.4636683464050293,821,777,1920,1078
79,backpack,0.40529242157936096,1722,676,1911,863
80,person,0.8767247796058655,1113,415,1705,983
80,person,0.8675325512886047,501,96,716,569
80,person,0.821389377117157,1428,336,1710,593
80,person,0.5654659271240234,319,412,776,1068
80,dining table,0.44680336117744446,822,777,1919,1078
80,chair,0.4432229697704315,959,661,1138,1022
80,book,0.43001893162727356,455,679,663,760
81,person,0.8763333559036255,1113,414,1707,983
81,person,0.8681982755661011,500,96,716,568
81,person,0.8242260813713074,1429,336,1710,593
81,person,0.6156094074249268,321,410,723,1068
81,chair,0.4800300598144531,959,661,1137,1023
81,book,0.4791914224624634,460,678,664,761
81,dining table,0.4683510661125183,823,777,1919,1078
82,person,0.8794065713882446,1114,414,1709,984
82,person,0.8680753707885742,500,94,716,567
82,person,0.825160026550293,1429,336,1710,593
82,person,0.7177728414535522,322,411,709,1068
82,book,0.473474383354187,469,679,664,760
82,chair,0.4633789360523224,958,660,1138,1024
82,dining table,0.45072922110557556,826,778,1919,1078
82,backpack,0.4305092990398407,1722,676,1915,864
83,person,0.8755937218666077,1116,416,1701,984
83,person,0.8686670064926147,500,98,716,568
83,person,0.8251230120658875,1429,336,1709,593
83,person,0.7435455918312073,322,410,709,1068
83,book,0.505867063999176,474,680,663,761
83,dining table,0.4948429763317108,829,779,1919,1078
83,chair,0.45718926191329956,959,659,1140,1026
83,backpack,0.4237246811389923,1723,677,1910,863
84,person,0.8694167137145996,1116,416,1702,984
84,person,0.8660562634468079,500,95,716,566
84,person,0.8098453879356384,1430,336,1709,595
84,person,0.7323562502861023,325,412,710,1068
84,dining table,0.4891010820865631,843,791,1919,1079
84,chair,0.46649301052093506,960,658,1139,1027
84,book,0.4560713469982147,472,679,665,762
84,backpack,0.4305698573589325,1723,676,1917,865
85,person,0.8647944927215576,1112,415,1713,986
85,person,0.8637269139289856,500,98,716,567
85,person,0.8006970882415771,1429,338,1704,596
85,person,0.7547673583030701,328,412,708,1070
85,dining table,0.48216909170150757,838,779,1919,1078
85,book,0.445138543844223,473,681,665,763
85,backpack,0.421863317489624,1722,676,1917,866
85,tie,0.41005879640579224,592,215,636,313
85,chair,0.4049639403820038,960,656,1139,1027
86,person,0.8666527271270752,501,95,716,564
86,person,0.8659470081329346,1112,415,1715,988
86,person,0.7951529026031494,1430,339,1704,598
86,person,0.7942095398902893,330,413,707,1069
86,book,0.4659806489944458,476,680,665,762
86,dining table,0.45772653818130493,841,779,1919,1077
86,backpack,0.4071474075317383,1722,677,1916,865
87,person,0.8679579496383667,1113,414,1715,988
87,person,0.866538941860199,500,96,715,563
87,person,0.8201299905776978,330,413,710,1069
87,person,0.7903566360473633,1429,339,1704,599
87,book,0.5340921878814697,478,681,665,763
87,tie,0.4331643879413605,596,214,636,315
87,dining table,0.4197963774204254,844,779,1919,1077
88,person,0.8694348931312561,1114,414,1716,988
88,person,0.8669334650039673,497,97,715,561
88,person,0.8118643760681152,330,414,712,1069
88,person,0.7865957617759705,1429,339,1705,599
88,book,0.5279847383499146,477,681,667,764
88,tie,0.4417564570903778,597,213,637,315
88,dining table,0.43122145533561707,866,792,1919,1080
88,book,0.4244624972343445,658,683,814,754
88,chair,0.40934279561042786,113,565,304,772
89,person,0.8703437447547913,1115,414,1716,987
89,person,0.8678804636001587,496,97,714,559
89,person,0.8212825059890747,330,413,714,1069
89,person,0.7572781443595886,1428,339,1705,597
89,book,0.4688573479652405,476,681,668,764
89,dining table,0.4617842733860016,866,792,1919,1079
89,chair,0.41947734355926514,113,563,304,772
89,book,0.4150508642196655,657,677,814,754
89,tie,0.4112215042114258,596,214,636,315
90,person,0.87769615650177,495,97,714,559
90,person,0.8749575018882751,1117,414,1717,987
90,person,0.7744631171226501,331,413,713,1069
90,person,0.769722044467926,1426,339,1704,597
90,dining table,0.4621882140636444,850,793,1920,1078
90,chair,0.4368552565574646,114,565,307,768
91,person,0.8775914311408997,494,97,713,559
91,person,0.8754121661186218,1118,415,1717,987
91,person,0.7688703536987305,332,412,713,1069
91,person,0.7352297306060791,1425,339,1704,597
91,tie,0.4292764663696289,590,215,633,310
91,chair,0.427533358335495,113,565,306,772
91,dining table,0.4220881760120392,851,792,1920,1078
92,person,0.8793766498565674,1118,414,1718,988
92,person,0.878218948841095,494,97,711,558
92,person,0.7536321878433228,332,413,711,1069
92,person,0.7525007128715515,1425,340,1704,596
92,tie,0.49106061458587646,589,216,632,310
92,chair,0.4442278742790222,113,565,308,774
92,book,0.42047983407974243,479,681,671,764
92,chair,0.40587982535362244,290,545,401,734
92,dining table,0.4029485881328583,855,793,1920,1079
93,person,0.8863607048988342,1119,413,1719,988
93,person,0.8753799200057983,493,97,711,558
93,person,0.7762426733970642,334,413,710,1069
93,person,0.754831850528717,1424,339,1703,595
93,tie,0.5112043619155884,589,216,632,311
93,chair,0.4821029007434845,112,564,308,778
93,chair,0.4272751808166504,291,547,401,735
93,book,0.41451722383499146,481,682,671,764
94,person,0.890810489654541,1120,411,1721,987
94,person,0.8681560158729553,492,97,710,557
94,person,0.7903725504875183,333,417,712,1070
94,person,0.7398242354393005,1423,339,1704,596
94,tie,0.6111130118370056,589,216,631,312
94,chair,0.45914754271507263,291,546,402,735
94,chair,0.4310019314289093,112,564,307,775
95,person,0.8889836668968201,1120,410,1721,989
95,person,0.8728862404823303,490,97,709,553
95,person,0.7744828462600708,334,417,713,1071
95,person,0.7500371932983398,1422,340,1704,596
95,tie,0.5444425344467163,591,216,630,312
95,chair,0.5059519410133362,291,546,402,735
96,person,0.8878136873245239,1120,409,1720,988
96,person,0.8614444136619568,487,97,709,551
96,person,0.7834329009056091,334,417,713,1071
96,person,0.741270124912262,1420,340,1704,598
96,chair,0.49893203377723694,291,546,403,735
96,tie,0.4493723511695862,590,215,628,310
96,chair,0.4405750632286072,111,564,309,781
97,person,0.8863112330436707,1123,407,1719,986
97,person,0.8648661971092224,485,97,707,550
97,person,0.7904164791107178,334,418,714,1070
97,person,0.7204428315162659,1420,340,1704,596
97,chair,0.47270363569259644,111,565,308,784
97,chair,0.4665612578392029,292,546,404,735
97,dining table,0.41229256987571716,863,782,1918,1077
97,tie,0.4101342260837555,590,215,626,311
97,tie,0.40596187114715576,564,215,619,313
98,person,0.8894983530044556,1122,404,1720,987
98,person,0.8707249760627747,483,97,706,552
98,person,0.7573288083076477,334,419,714,1071
98,person,0.7117766737937927,1417,340,1704,597
98,chair,0.4639299213886261,112,568,307,783
98,chair,0.44330745935440063,292,545,405,735
99,person,0.8871259689331055,1121,402,1719,988
99,person,0.8744391202926636,481,98,703,552
99,person,0.7330507040023804,334,420,715,1070
99,person,0.6924131512641907,1413,340,1703,594
99,chair,0.45946627855300903,111,568,303,780
99,chair,0.4377138912677765,292,546,405,736
99,dining table,0.41207584738731384,865,783,1918,1076
100,person,0.8898664116859436,1121,401,1719,987
100,person,0.8697454333305359,478,99,700,551
100,person,0.7490222454071045,332,424,712,1073
100,person,0.7113548517227173,1410,340,1702,593
100,chair,0.45675668120384216,967,661,1141,1035
100,backpack,0.44657814502716064,1717,679,1918,866
100,chair,0.4263307452201843,111,567,303,781
100,dining table,0.41076263785362244,866,784,1918,1077
100,tie,0.4094391465187073,565,218,612,312
100,chair,0.4071862995624542,292,546,406,736
101,person,0.891741156578064,1122,399,1720,987
101,person,0.8694167137145996,477,100,698,547
101,person,0.7624220252037048,333,425,714,1073
101,person,0.6303744316101074,1405,339,1700,593
101,backpack,0.4433845579624176,1715,678,1918,868
101,chair,0.43803781270980835,966,662,1141,1036
101,chair,0.4309295415878296,110,564,303,783
101,tie,0.4036853015422821,567,218,611,312
101,dining table,0.4033377766609192,867,784,1918,1077
102,person,0.8937991261482239,1122,396,1720,987
102,person,0.85353684425354,474,100,695,546
102,person,0.7693896889686584,334,427,713,1073
102,person,0.7540183663368225,1402,340,1700,593
102,chair,0.5007435083389282,967,661,1141,1035
102,chair,0.41738447546958923,111,554,305,784
102,dining table,0.4083046317100525,867,783,1918,1077
103,person,0.8951177000999451,1120,396,1720,988
103,person,0.8595944046974182,472,100,694,544
103,person,0.7623500823974609,339,428,710,1071
103,person,0.7250841856002808,1399,340,1700,592
103,chair,0.4690670371055603,967,661,1140,1036
103,backpack,0.4061179459095001,1715,679,1918,869
104,person,0.8987350463867188,1120,395,1721,988
104,person,0.8401594161987305,470,100,693,545
104,person,0.7795761227607727,339,428,710,1070
104,person,0.7648914456367493,1396,340,1699,593
104,tie,0.4814988672733307,565,220,609,313
104,chair,0.4365323483943939,967,661,1140,1036
104,dining table,0.4105672240257263,868,783,1918,1077
105,person,0.8964542150497437,1117,394,1720,988
105,person,0.8386737108230591,469,99,691,544
105,person,0.7485318779945374,1391,340,1699,592
105,person,0.7392945885658264,339,427,709,1070
105,tie,0.4917105734348297,562,220,609,314
105,dining table,0.4294160306453705,869,782,1918,1076
105,chair,0.4247039556503296,967,662,1139,1036
105,chair,0.4060089588165283,111,566,303,781
106,person,0.8943119049072266,1117,393,1720,989
106,person,0.8327447175979614,469,99,690,542
106,person,0.7660402059555054,337,427,709,1070
106,person,0.728395402431488,1389,341,1698,592
106,tie,0.5101522207260132,564,220,608,314
106,chair,0.4100455343723297,968,662,1139,1036
107,person,0.8907486796379089,1116,393,1720,990
107,person,0.8422052264213562,468,99,687,540
107,person,0.7862663269042969,336,423,709,1070
107,person,0.6730284094810486,1389,341,1697,591
107,tie,0.530004620552063,565,219,607,315
107,backpack,0.42635414004325867,1715,676,1918,866
107,chair,0.41243213415145874,968,662,1139,1036
107,dining table,0.40048784017562866,2,478,480,875
108,person,0.8932324051856995,1115,392,1720,989
108,person,0.8286601305007935,466,99,687,543
108,person,0.8049651384353638,336,425,708,1070
108,person,0.7354068160057068,1388,341,1697,593
108,chair,0.4454191029071808,968,662,1138,1036
108,tie,0.4370996356010437,544,216,606,318
108,tie,0.43605825304985046,564,219,606,316
109,person,0.8932430148124695,1115,391,1720,988
109,person,0.8514347672462463,464,101,682,547
109,person,0.8032963871955872,336,421,709,1070
109,person,0.7370368242263794,1384,341,1696,593
109,chair,0.4473896920681,968,662,1138,1036
109,tie,0.4290156960487366,541,217,597,317
110,person,0.8940029144287109,1116,391,1719,988
110,person,0.8366857767105103,463,100,679,544
110,person,0.7922734022140503,334,419,710,1070
110,person,0.7375715970993042,1384,341,1695,595
110,tie,0.517408013343811,542,221,602,321
110,chair,0.48345714807510376,967,660,1137,1035
110,dining table,0.4104236960411072,869,781,1918,1077
111,person,0.8962187767028809,1116,390,1720,988
111,person,0.8212005496025085,460,101,680,547
111,person,0.7857082486152649,333,418,709,1070
111,person,0.7226341366767883,1385,340,1695,597
111,tie,0.4576941728591919,544,223,599,321
111,chair,0.44615688920021057,967,660,1138,1035
111,dining table,0.4392644762992859,870,781,1918,1077
112,person,0.8994061350822449,1117,390,1720,987
112,person,0.7967638373374939,334,418,709,1069
112,person,0.7836249470710754,458,100,678,545
112,person,0.7433232665061951,1384,339,1695,606
112,person,0.5316413044929504,458,101,695,691
112,dining table,0.45947813987731934,869,780,1918,1076
112,tie,0.43071120977401733,544,223,598,321
112,chair,0.41040462255477905,103,563,305,786
112,chair,0.40418583154678345,967,659,1138,1035
113,person,0.8995583057403564,1117,390,1720,987
113,person,0.7961618304252625,334,416,708,1069
113,person,0.7911936044692993,457,100,676,539
113,person,0.7446287274360657,1383,339,1695,608
113,person,0.4843060076236725,457,100,694,693
113,dining table,0.45874980092048645,869,780,1918,1076
114,person,0.8967613577842712,1118,390,1720,988
114,person,0.7909519076347351,454,100,675,551
114,person,0.7838120460510254,1385,339,1694,607
114,person,0.7709916234016418,333,416,707,1069
114,dining table,0.4572456181049347,869,780,1918,1077
114,chair,0.44820162653923035,86,411,254,512
115,person,0.8928278684616089,1118,389,1719,988
115,person,0.7865529656410217,1382,339,1693,606
115,person,0.7802010774612427,451,101,675,555
115,person,0.7657697796821594,333,418,707,1069
115,chair,0.4731442928314209,86,411,254,512
115,dining table,0.4533195197582245,882,793,1919,1079
115,chair,0.4323578178882599,965,659,1137,1035
116,person,0.8913849592208862,1118,390,1718,986
116,person,0.7970999479293823,1382,342,1692,600
116,person,0.7848490476608276,332,419,707,1069
116,person,0.7112853527069092,450,101,676,566
116,chair,0.507994532585144,85,411,253,512
116,dining table,0.453617662191391,881,793,1918,1079
117,person,0.8915905356407166,1117,390,1718,986
117,person,0.806049108505249,332,418,705,1069
117,person,0.7891679406166077,1382,339,1692,607
117,person,0.6879664063453674,448,101,680,598
117,chair,0.45304790139198303,84,411,252,512
117,dining table,0.42056018114089966,881,793,1918,1079
117,backpack,0.405756413936615,1711,675,1865,852
118,person,0.8908624053001404,1121,390,1718,984
118,person,0.797642171382904,1384,341,1690,600
118,person,0.7933502793312073,332,418,704,1069
118,person,0.6959103345870972,445,101,694,678
118,dining table,0.4646475911140442,881,792,1918,1079
118,chair,0.42502087354660034,966,662,1140,1037
119,person,0.890781044960022,1121,390,1718,984
119,person,0.8057803511619568,1384,340,1689,600
119,person,0.7909201979637146,331,419,703,1069
119,person,0.7329886555671692,444,101,696,681
119,dining table,0.4611605405807495,883,791,1918,1079
119,chair,0.4156564176082611,966,662,1141,1038
120,person,0.8887016773223877,1120,390,1717,985
120,person,0.8189702033996582,1385,339,1689,599
120,person,0.8021260499954224,331,419,703,1068
120,person,0.7200912237167358,442,102,695,676
120,dining table,0.44701868295669556,883,791,1918,1078
121,person,0.8896413445472717,1119,389,1716,989
121,person,0.8299705982208252,1384,340,1688,599
121,person,0.7999783158302307,330,418,702,1068
121,person,0.6810370087623596,442,102,694,677
121,dining table,0.46431976556777954,882,790,1918,1078
122,person,0.8898251056671143,1119,390,1716,989
122,person,0.8266654014587402,1383,340,1687,599
122,person,0.8128016591072083,330,419,703,1068
122,person,0.7086400985717773,445,100,677,574
122,dining table,0.4815942049026489,882,791,1918,1078
122,chair,0.4035259187221527,964,663,1142,1038
123,person,0.8880698084831238,1118,391,1715,985
123,person,0.8193168044090271,1384,337,1686,598
123,person,0.791618287563324,329,419,702,1068
123,person,0.6760284900665283,442,101,693,676
123,dining table,0.44389525055885315,882,790,1918,1078
124,person,0.8871673345565796,1119,391,1715,986
124,person,0.8226591944694519,1384,337,1686,598
124,person,0.7807971239089966,328,419,704,1068
124,person,0.713506817817688,442,101,694,674
124,dining table,0.42533618211746216,882,790,1918,1078
125,person,0.8902429342269897,1118,391,1716,987
125,person,0.8148300647735596,1385,338,1685,599
125,person,0.772017240524292,327,419,703,1068
125,person,0.6748363375663757,443,100,692,669
125,dining table,0.40880098938941956,883,790,1918,1077
126,person,0.8916105031967163,1118,391,1715,988
126,person,0.814699649810791,1384,336,1684,598
126,person,0.762111246585846,326,426,699,1071
126,person,0.6720404624938965,444,100,691,671
127,person,0.8931137919425964,1119,391,1715,987
127,person,0.802505373954773,1385,338,1684,599
127,person,0.742108166217804,326,428,698,1071
127,person,0.690984845161438,447,99,674,564
128,person,0.8931562900543213,1120,391,1715,986
128,person,0.8095946311950684,1386,339,1684,598
128,person,0.7293397784233093,448,99,670,543
128,person,0.7103747725486755,326,428,700,1069
128,person,0.4074079990386963,448,102,690,681
129,person,0.8914925456047058,1120,391,1715,986
129,person,0.8156217932701111,1386,338,1683,594
129,person,0.7547295093536377,451,98,672,539
129,person,0.7483962774276733,326,427,699,1070
129,person,0.6027538180351257,450,102,690,676
130,person,0.8902899026870728,1120,391,1715,985
130,person,0.7935629487037659,1386,338,1682,591
130,person,0.7714143991470337,452,99,676,537
130,person,0.7332442998886108,326,428,699,1071
130,tie,0.6085935831069946,544,226,598,340
130,person,0.5154117345809937,453,102,692,681
130,tie,0.470802366733551,561,231,600,335
131,person,0.8928421139717102,1119,391,1715,985
131,person,0.7958786487579346,1386,339,1680,592
131,person,0.7414928078651428,456,99,679,535
131,person,0.6788660287857056,324,426,701,1070
131,tie,0.5711732506752014,551,227,604,337
131,person,0.43395182490348816,458,102,691,684
131,chair,0.4320289194583893,81,564,293,783
131,chair,0.4244098365306854,962,658,1143,1037
132,person,0.894350528717041,1119,392,1714,985
132,person,0.7961259484291077,1385,340,1680,592
132,person,0.7040472626686096,458,101,680,544
132,person,0.615627110004425,324,426,703,1070
132,chair,0.4419075548648834,81,565,293,782
133,person,0.891343355178833,1118,391,1713,986
133,person,0.7895599603652954,1384,338,1679,594
133,person,0.7392866611480713,459,101,683,560
133,person,0.5712466239929199,324,426,702,1070
133,person,0.4410143494606018,316,423,700,748
133,chair,0.4269603490829468,80,566,293,784
134,person,0.8895730376243591,1118,391,1714,985
134,person,0.7850036025047302,1384,338,1678,590
134,person,0.780818521976471,462,102,686,560
134,person,0.5937643051147461,323,425,703,1071
134,tie,0.47925812005996704,568,234,610,344
134,bottle,0.4146488904953003,860,371,887,433
134,chair,0.400213360786438,80,568,290,784
135,person,0.8898534178733826,1119,391,1713,985
135,person,0.8080412745475769,466,104,691,556
135,person,0.7779016494750977,1384,338,1677,588
135,person,0.577164351940155,321,422,705,1070
135,tie,0.5670800805091858,576,236,612,344
136,person,0.888598620891571,1119,391,1713,985
136,person,0.8322820067405701,468,105,695,565
136,person,0.7776515483856201,1384,337,1677,588
136,person,0.5801275372505188,320,422,710,1071
136,tie,0.4768080413341522,579,235,618,346
136,chair,0.41220298409461975,961,660,1141,1039
137,person,0.892358660697937,1117,392,1714,985
137,person,0.8343263268470764,470,104,703,588
137,person,0.8068203330039978,1383,337,1675,590
137,person,0.6021249890327454,321,426,705,1071
137,tie,0.571433961391449,582,241,618,344
137,chair,0.43634703755378723,77,569,291,785
137,bottle,0.4151858985424042,858,370,884,435
137,chair,0.40031805634498596,62,413,234,516
138,person,0.8939130902290344,1117,392,1714,986
138,person,0.8589118123054504,474,105,705,587
138,person,0.8032853007316589,1381,338,1674,590
138,person,0.6259095668792725,320,428,705,1071
138,tie,0.5798162817955017,584,243,623,348
138,backpack,0.46448707580566406,1693,671,1859,845
138,chair,0.4274524748325348,74,571,287,781
138,chair,0.41499775648117065,62,413,233,517
139,person,0.8956066966056824,1117,393,1713,985
139,person,0.8793254494667053,478,105,709,607
139,person,0.8121263980865479,1381,338,1674,588
139,person,0.6471023559570312,320,428,703,1071
139,tie,0.4812120497226715,590,243,629,350
139,chair,0.4582046866416931,72,573,282,782
140,person,0.898290753364563,1118,393,1713,985
140,person,0.8776362538337708,481,102,713,623
140,person,0.806365966796875,1382,337,1672,588
140,person,0.63973069190979,320,429,706,1071
140,tie,0.5478523373603821,589,239,632,348
140,chair,0.4934060871601105,70,574,282,781
140,backpack,0.4618268311023712,1691,670,1859,845
140,chair,0.41641873121261597,60,413,232,518
141,person,0.8999962210655212,1117,393,1713,984
141,person,0.8431888222694397,491,105,716,662
141,person,0.8061009645462036,1383,337,1671,589
141,person,0.6289021968841553,319,427,706,1071
141,tie,0.6047088503837585,593,238,637,348
141,chair,0.5238444805145264,70,573,283,787
141,backpack,0.47631800174713135,1690,670,1853,845
141,chair,0.44794994592666626,60,413,232,518
142,person,0.8987061977386475,1117,393,1711,985
142,person,0.854246199131012,496,103,725,670
142,person,0.8089536428451538,1382,339,1669,588
142,person,0.567889928817749,319,426,715,1069
142,tie,0.5467749238014221,601,240,641,348
142,chair,0.5013343095779419,71,574,282,784
143,person,0.8991718292236328,1117,392,1711,984
143,person,0.8792160153388977,502,102,733,677
143,person,0.7920761704444885,1382,339,1669,588
143,person,0.6301266551017761,318,425,707,1070
143,chair,0.5499587059020996,71,574,281,790
143,tie,0.5081351399421692,610,237,648,344
144,person,0.8991612792015076,1116,392,1711,984
144,person,0.8795704245567322,507,100,741,678
144,person,0.7890946269035339,1381,338,1667,589
144,tie,0.7314432263374329,615,236,654,348
144,person,0.6338866949081421,316,419,723,1072
144,chair,0.533711850643158,67,572,280,790
144,chair,0.43946799635887146,959,663,1138,1039
144,backpack,0.4008031487464905,1689,670,1847,845
145,person,0.8980589509010315,1116,392,1711,984
145,person,0.8794089555740356,512,99,746,681
145,tie,0.7955467700958252,621,234,660,344
145,person,0.7950159907341003,1380,338,1666,591
145,person,0.6608870625495911,318,425,705,1072
145,chair,0.5057461857795715,63,571,277,789
145,chair,0.444614052772522,959,663,1137,1037
146,person,0.8979312777519226,1115,391,1712,987
146,person,0.8848122954368591,516,98,751,679
146,person,0.787319540977478,1379,337,1665,590
146,person,0.6985321044921875,317,424,712,1071
146,tie,0.652484118938446,623,233,665,344
146,chair,0.4861180782318115,63,568,277,789
146,chair,0.4145253896713257,959,663,1138,1037
147,person,0.8979288935661316,1114,391,1711,987
147,person,0.8836476802825928,521,98,761,677
147,person,0.8010121583938599,1379,336,1665,589
147,person,0.7227710485458374,317,424,710,1070
147,tie,0.4553954303264618,632,231,670,341
147,chair,0.4347618520259857,60,573,279,788
147,chair,0.40570852160453796,959,663,1138,1037
148,person,0.8939220905303955,1112,392,1711,987
148,person,0.8778529167175293,527,96,770,681
148,person,0.7849813103675842,1379,336,1664,589
148,person,0.7133074402809143,315,424,718,1070
148,tie,0.47917842864990234,639,231,678,342
148,chair,0.42317482829093933,59,570,278,787
149,person,0.8903905749320984,1112,391,1710,987
149,person,0.8778492212295532,529,96,770,676
149,person,0.7928212881088257,1377,334,1664,588
149,person,0.7085768580436707,315,423,715,1070
149,tie,0.4953135848045349,641,231,682,343
149,chair,0.4483901262283325,58,554,277,789
150,person,0.8809301257133484,1113,391,1709,985
150,person,0.8605289459228516,533,95,772,678
150,person,0.7929694652557373,1376,335,1663,587
150,person,0.6994397640228271,315,423,716,1069
150,tie,0.5801272988319397,644,232,686,342
150,chair,0.41998806595802307,55,521,277,790
151,person,0.8658713102340698,1113,391,1700,983
151,person,0.8550525903701782,538,93,772,682
151,person,0.787458062171936,1376,335,1663,587
151,person,0.6946728229522705,314,423,719,1070
151,tie,0.6357684135437012,646,232,690,342
151,dining table,0.4675791263580322,920,788,1919,1080
151,chair,0.43527457118034363,56,551,275,790
152,person,0.8779800534248352,541,92,788,684
152,person,0.8665578961372375,1113,391,1691,981
152,person,0.7862459421157837,1377,334,1662,588
152,person,0.6708366274833679,315,418,753,1071
152,tie,0.581579327583313,651,227,695,340
152,dining table,0.5022273063659668,914,788,1920,1080
152,chair,0.41613179445266724,52,566,274,789
153,person,0.8844983577728271,1114,392,1696,980
153,person,0.8685938715934753,544,92,790,687
153,person,0.7882733345031738,1378,335,1662,587
153,person,0.6630286574363708,314,413,777,1073
153,dining table,0.4442501664161682,909,793,1920,1079
153,tie,0.43197476863861084,661,230,698,340
154,person,0.8830601572990417,1113,392,1693,980
154,person,0.8577611446380615,550,92,792,690
154,person,0.7834742069244385,1377,336,1662,586
154,person,0.704447329044342,314,419,737,1072
154,tie,0.539713442325592,660,228,705,342
154,dining table,0.4206777811050415,910,794,1919,1079
154,chair,0.40395963191986084,51,575,275,790
155,person,0.8816946744918823,1113,393,1687,979
155,person,0.8673384785652161,551,92,795,691
155,person,0.7803472280502319,1377,335,1661,586
155,person,0.6685710549354553,312,414,775,1073
155,tie,0.664718747138977,668,228,709,342
155,chair,0.40701285004615784,50,576,273,789
155,dining table,0.40223801136016846,910,795,1920,1080
156,person,0.8832273483276367,1113,394,1682,979
156,person,0.8653897643089294,554,93,798,692
156,person,0.7809884548187256,1382,337,1661,586
156,person,0.6489261984825134,312,413,775,1072
156,tie,0.5772280097007751,674,229,713,344
156,chair,0.41674572229385376,51,577,272,789
156,dining table,0.4065311551094055,908,792,1920,1080
157,person,0.8837741017341614,1112,396,1679,980
157,person,0.8689374327659607,557,94,803,690
157,person,0.7924786806106567,1389,339,1660,587
157,person,0.6982511281967163,311,412,765,1072
157,tie,0.6548400521278381,679,231,714,345
157,bottle,0.4176526963710785,843,373,867,432
157,chair,0.40032628178596497,51,577,272,788
158,person,0.8811413049697876,1112,399,1676,980
158,person,0.8730198740959167,559,95,806,686
158,person,0.8004270195960999,1393,338,1661,587
158,tie,0.786288321018219,677,234,719,350
158,person,0.7442150712013245,314,423,723,1067
158,dining table,0.4652544856071472,915,788,1920,1079
158,bottle,0.41945740580558777,843,375,867,433
159,person,0.881132960319519,1110,405,1669,982
159,person,0.8685296177864075,561,95,810,688
159,person,0.7968774437904358,1399,338,1661,585
159,person,0.7780101299285889,314,424,717,1069
159,tie,0.4990141689777374,675,229,726,356
159,dining table,0.42997661232948303,919,787,1920,1079
159,bottle,0.4033699333667755,844,376,866,433
159,chair,0.40303513407707214,49,576,272,790
160,person,0.8791648149490356,1111,408,1669,983
160,person,0.8733983039855957,562,96,812,685
160,person,0.7874191999435425,315,421,731,1068
160,person,0.7839410305023193,1408,339,1658,584
160,tie,0.6816248297691345,678,236,730,357
160,dining table,0.4300828278064728,884,786,1919,1076
160,chair,0.42077603936195374,50,576,272,790
160,chair,0.4131181240081787,273,558,384,744
161,person,0.8760181665420532,1110,409,1672,983
161,person,0.870522677898407,563,96,815,685
161,tie,0.8271688222885132,679,237,732,361
161,person,0.7559239268302917,1412,339,1656,583
161,person,0.745084822177887,311,413,766,1066
161,dining table,0.44107139110565186,876,787,1920,1074
161,chair,0.4188157916069031,271,558,384,745
161,chair,0.4007457196712494,51,576,272,790
162,person,0.8706432580947876,564,99,817,685
162,person,0.8687793612480164,1111,408,1679,982
162,person,0.7615154981613159,311,414,784,1064
162,person,0.7340174317359924,1415,338,1656,583
162,tie,0.7307822704315186,673,243,737,367
162,tie,0.48401740193367004,688,237,737,359
162,dining table,0.4542844295501709,931,790,1920,1079
162,bottle,0.4326069951057434,842,373,864,432
162,chair,0.4276924729347229,270,559,382,746
163,person,0.8714710474014282,567,99,821,676
163,person,0.8695157766342163,1110,410,1683,981
163,person,0.8263568878173828,317,421,781,1069
163,person,0.7412813901901245,1417,338,1655,582
163,tie,0.6717255711555481,680,246,740,371
163,dining table,0.43139389157295227,927,789,1920,1079
163,chair,0.41922643780708313,270,559,383,745
164,person,0.8705272078514099,566,102,819,677
164,person,0.8698465824127197,1112,412,1686,977
164,person,0.8336217403411865,318,422,782,1069
164,person,0.7481801509857178,1424,337,1655,582
164,tie,0.6976717114448547,689,247,740,372
164,dining table,0.5018738508224487,927,787,1920,1078
164,chair,0.4257541298866272,271,559,380,745
165,person,0.8757321834564209,569,102,823,673
165,person,0.8703036308288574,1112,414,1687,977
165,person,0.860342264175415,317,422,787,1069
165,tie,0.8043145537376404,692,247,747,376
165,person,0.7478148341178894,1426,338,1652,581
165,dining table,0.4893983006477356,930,788,1920,1079
165,chair,0.4249189496040344,271,559,378,746
166,person,0.8762773871421814,1113,416,1684,977
166,person,0.8713904023170471,569,107,835,677
166,person,0.8659578561782837,316,425,793,1069
166,person,0.7410515546798706,1425,339,1651,581
166,tie,0.7308794856071472,687,251,752,375
166,dining table,0.5014057159423828,927,789,1920,1078
166,chair,0.4284513592720032,272,559,377,746
166,chair,0.4049196243286133,51,576,270,790
167,person,0.8829461932182312,1113,420,1683,978
167,person,0.8540948629379272,316,427,798,1069
167,person,0.7964209318161011,571,108,851,675
167,person,0.7582942843437195,1424,339,1651,583
167,person,0.48951658606529236,569,105,854,1029
167,tie,0.48720115423202515,684,256,755,385
167,dining table,0.41201868653297424,927,788,1920,1078
168,person,0.8836663961410522,1113,422,1681,980
168,person,0.8438120484352112,315,429,796,1070
168,person,0.7966943383216858,1423,340,1651,583
168,person,0.7179117798805237,575,105,863,1023
168,person,0.6316380500793457,576,108,859,676
168,tie,0.5817664265632629,695,258,755,374
168,person,0.5528668761253357,330,221,830,1060
168,dining table,0.4372015595436096,926,790,1920,1078
169,person,0.8821344375610352,1112,425,1678,980
169,person,0.8413142561912537,315,430,791,1070
169,person,0.77926105260849,1423,340,1652,586
169,person,0.7457900047302246,578,106,861,1027
169,person,0.6056897640228271,579,109,858,671
169,tie,0.5545530319213867,686,260,757,371
169,person,0.5375286340713501,343,219,828,1060
169,dining table,0.43082672357559204,931,792,1920,1079
170,person,0.8863877654075623,1112,429,1679,980
170,person,0.8584989905357361,313,428,796,1070
170,person,0.768665075302124,1422,340,1651,587
170,person,0.7643828392028809,583,108,858,672
170,dining table,0.510499119758606,929,792,1920,1077
170,person,0.478195458650589,581,107,860,1028
170,chair,0.40688759088516235,49,576,270,792
171,person,0.8724896311759949,1112,432,1677,977
171,person,0.86259526014328,313,428,796,1070
171,person,0.7685339450836182,585,109,854,673
171,person,0.744611382484436,1421,340,1650,588
171,dining table,0.5231642723083496,933,793,1920,1078
171,person,0.5152623057365417,583,107,856,1030
171,tie,0.4960070550441742,685,261,774,400
171,chair,0.44692695140838623,48,575,268,792
172,person,0.8748011589050293,1110,435,1675,979
172,person,0.8707433342933655,312,428,795,1071
172,person,0.7476539611816406,1421,338,1649,588
172,person,0.7056176662445068,588,109,854,674
172,person,0.6033801436424255,586,108,852,1030
172,dining table,0.5050323605537415,929,790,1920,1078
172,tie,0.45692676305770874,690,265,775,422
173,person,0.8807353377342224,312,425,795,1069
173,person,0.8792746067047119,1111,437,1672,979
173,person,0.7776963114738464,590,110,856,677
173,person,0.7587999701499939,1422,340,1648,587
173,person,0.5312032103538513,586,112,854,1030
173,dining table,0.5272069573402405,932,791,1920,1078
173,chair,0.4494032561779022,47,573,268,795
174,person,0.8818778395652771,1111,437,1672,979
174,person,0.8640978336334229,313,425,796,1069
174,person,0.7653653621673584,1421,340,1647,586
174,person,0.6928337216377258,591,111,856,677
174,person,0.5511721968650818,586,112,852,1034
174,dining table,0.5348871350288391,928,791,1920,1077
174,chair,0.45328488945961,46,569,267,795
174,chair,0.4214189946651459,259,558,369,745
174,chair,0.4210910201072693,33,415,206,521
175,person,0.8793187737464905,1112,439,1671,979
175,person,0.8575963377952576,312,424,796,1068
175,person,0.7749334573745728,1420,339,1646,585
175,person,0.751288115978241,596,113,857,674
175,person,0.5753427147865295,591,115,857,1034
175,tie,0.5568234324455261,714,269,782,398
175,dining table,0.528679370880127,929,791,1920,1077
175,chair,0.44732606410980225,33,415,206,521
175,chair,0.42332080006599426,46,570,266,794
175,chair,0.40874242782592773,258,558,368,745
176,person,0.8770214319229126,1112,441,1672,980
176,person,0.856458306312561,311,425,796,1069
176,person,0.7505542635917664,595,115,859,1028
176,person,0.750422477722168,1420,339,1645,586
176,person,0.578344464302063,599,116,861,673
176,dining table,0.5167032480239868,923,791,1919,1077
176,chair,0.4107365906238556,46,571,266,794
176,chair,0.4105408787727356,32,416,205,521
176,tie,0.41036349534988403,744,276,788,417
177,person,0.8791860938072205,1111,441,1672,980
177,person,0.8120734095573425,312,425,788,1068
177,person,0.8107609748840332,599,118,861,1029
177,person,0.7756492495536804,1420,339,1643,586
177,dining table,0.5328097343444824,924,789,1919,1078
177,chair,0.46459251642227173,29,416,204,522
177,chair,0.447400838136673,44,570,267,795
177,tie,0.4327843189239502,745,284,788,418
178,person,0.8758546113967896,1112,441,1672,981
178,person,0.8470618724822998,312,425,794,1068
178,person,0.79886394739151,604,121,865,1031
178,person,0.7745745182037354,1418,339,1643,586
178,person,0.5593665838241577,319,151,824,1062
178,dining table,0.528605580329895,921,789,1919,1078
178,person,0.5108505487442017,606,124,867,665
178,chair,0.4922369718551636,28,416,203,522
178,tie,0.47448498010635376,730,287,793,403
178,chair,0.46857407689094543,44,564,267,794
179,person,0.8727605938911438,1111,440,1672,983
179,person,0.859626293182373,311,423,796,1068
179,person,0.7813536524772644,610,130,869,672
179,person,0.7686552405357361,1419,339,1642,586
179,person,0.6644089221954346,608,126,867,1032
179,dining table,0.5260387659072876,921,790,1919,1078
179,chair,0.4881538152694702,44,570,267,795
179,tie,0.4512403607368469,720,294,799,405
179,chair,0.44731074571609497,27,417,203,522
180,person,0.8785401582717896,1109,439,1674,982
180,person,0.8474274277687073,311,421,796,1067
180,person,0.8058800101280212,613,131,870,670
180,person,0.7685890197753906,1417,337,1641,585
180,person,0.5551601648330688,608,133,863,1046
180,dining table,0.5121437311172485,929,791,1919,1078
180,chair,0.46593981981277466,41,577,263,793
180,chair,0.43794888257980347,28,417,202,521
180,chair,0.4131832718849182,256,558,372,745
181,person,0.870404064655304,1111,438,1670,982
181,person,0.8124250769615173,611,129,872,1032
181,person,0.8014118075370789,312,422,786,1068
181,person,0.7946209907531738,1416,337,1640,585
181,person,0.6307414770126343,613,137,872,681
181,dining table,0.5149816870689392,927,791,1919,1078
181,chair,0.4599570333957672,40,574,265,793
182,person,0.8752043843269348,1110,436,1670,981
182,person,0.8646900653839111,609,134,873,1030
182,person,0.7944279909133911,311,423,784,1068
182,person,0.7499960064888,1413,335,1639,581
182,dining table,0.533250093460083,926,792,1919,1078
182,chair,0.4724350571632385,40,572,262,793
183,person,0.8729878067970276,1106,433,1672,987
183,person,0.8362743854522705,613,136,875,1031
183,person,0.829578161239624,310,423,789,1069
183,person,0.7557730674743652,1415,337,1639,581
183,dining table,0.5412920117378235,925,790,1919,1078
183,person,0.5243867039680481,615,143,874,674
183,chair,0.4360426664352417,40,574,260,794
184,person,0.8685254454612732,616,141,875,1031
184,person,0.8681859374046326,1110,431,1670,982
184,person,0.8465954065322876,309,424,789,1068
184,person,0.7688524723052979,1417,336,1638,581
184,dining table,0.539408802986145,928,789,1919,1078
184,person,0.5067713856697083,302,218,852,1063
185,person,0.8905585408210754,614,142,875,1030
185,person,0.86994469165802,1107,427,1673,982
185,person,0.7882807850837708,309,425,782,1068
185,person,0.7750030159950256,1414,335,1638,580
185,dining table,0.5560826063156128,929,789,1919,1078
186,person,0.8845859169960022,606,146,875,1029
186,person,0.8711252808570862,1107,422,1674,982
186,person,0.7936389446258545,1415,334,1638,580
186,person,0.7529905438423157,309,424,776,1068
186,dining table,0.545386552810669,930,788,1919,1078
186,chair,0.43937259912490845,36,577,264,798
187,person,0.8902185559272766,608,146,877,1027
187,person,0.869784414768219,1106,421,1674,982
187,person,0.7935088276863098,1411,335,1638,580
187,person,0.732923150062561,309,424,759,1069
187,dining table,0.5466979742050171,930,789,1919,1077
187,chair,0.41752931475639343,35,578,262,797
188,person,0.889211118221283,609,153,879,1026
188,person,0.861082911491394,1106,415,1676,983
188,person,0.7840746641159058,1402,336,1637,583
188,person,0.7117007374763489,309,424,720,1069
188,dining table,0.5531585812568665,925,790,1919,1077
188,chair,0.46372801065444946,35,578,262,797
189,person,0.890957772731781,606,155,880,1026
189,person,0.8634957075119019,1108,412,1673,982
189,person,0.7719760537147522,1394,335,1637,583
189,person,0.7117725610733032,308,424,732,1068
189,dining table,0.5637727379798889,920,790,1919,1076
189,chair,0.4507613778114319,34,578,262,796
190,person,0.8869940638542175,609,156,880,1027
190,person,0.8687651753425598,1105,409,1675,980
190,person,0.7505898475646973,1385,337,1637,583
190,person,0.7330887317657471,307,424,746,1068
190,dining table,0.5262849926948547,922,792,1919,1077
190,chair,0.42071568965911865,33,577,261,797
191,person,0.8830234408378601,603,156,881,1026
191,person,0.8660018444061279,1108,406,1672,981
191,person,0.7305096983909607,1382,336,1637,579
191,person,0.7183521389961243,307,424,727,1068
191,dining table,0.5252366065979004,924,791,1919,1076
191,chair,0.45713457465171814,33,579,260,798
192,person,0.8814802169799805,602,156,880,1025
192,person,0.8686699271202087,1106,404,1673,985
192,person,0.7517425417900085,1375,334,1636,579
192,person,0.7435770034790039,307,423,761,1068
192,dining table,0.5355356335639954,929,790,1919,1077
192,chair,0.4520200490951538,33,577,259,797
192,chair,0.4278647303581238,16,418,265,796
193,person,0.8867464661598206,601,155,880,1026
193,person,0.8721961379051208,1107,399,1672,981
193,person,0.736598789691925,307,423,762,1068
193,person,0.7103886604309082,1370,333,1632,574
193,dining table,0.5478113889694214,887,789,1919,1074
193,chair,0.43696779012680054,33,578,258,796
193,chair,0.4278024137020111,252,557,367,746
194,person,0.8897708058357239,600,152,879,1026
194,person,0.8712866902351379,1104,397,1673,980
194,person,0.7350888848304749,307,423,771,1067
194,person,0.6889968514442444,1363,331,1635,579
194,dining table,0.5481446981430054,887,790,1919,1074
194,chair,0.48214036226272583,251,557,367,746
194,chair,0.44501322507858276,31,577,257,794
195,person,0.8924574851989746,598,150,878,1025
195,person,0.8708080649375916,1104,395,1673,980
195,person,0.7285712957382202,308,422,753,1068
195,person,0.7161825895309448,1359,332,1634,582
195,dining table,0.5657128095626831,889,789,1919,1074
195,chair,0.450470507144928,251,557,368,745
195,chair,0.435724139213562,29,577,258,796
196,person,0.8943341970443726,599,148,879,1025
196,person,0.8672579526901245,1101,397,1674,984
196,person,0.7462818026542664,1353,334,1634,581
196,person,0.7051354050636292,308,422,744,1068
196,dining table,0.5569818615913391,888,789,1919,1074
196,chair,0.4848541021347046,251,557,367,746
196,chair,0.41767558455467224,19,417,192,523
196,chair,0.41292208433151245,10,418,266,793
196,chair,0.4063583314418793,27,571,259,796
197,person,0.8927460312843323,600,144,879,1025
197,person,0.8667894601821899,1102,396,1674,984
197,person,0.749322235584259,1351,334,1633,582
197,person,0.7215625643730164,308,422,765,1067
197,dining table,0.5685381889343262,889,785,1919,1074
197,chair,0.45702341198921204,251,557,367,746
197,chair,0.4009535014629364,27,574,260,796
198,person,0.8893616199493408,600,141,879,1025
198,person,0.8630316257476807,1103,395,1673,983
198,person,0.7662403583526611,1349,333,1632,583
198,person,0.7431663870811462,308,421,775,1068
198,dining table,0.5625659227371216,891,785,1919,1074
198,chair,0.5305100083351135,250,557,366,746
198,chair,0.4424661695957184,27,577,258,793
199,person,0.8924925327301025,600,141,880,1026
199,person,0.8567647933959961,1102,394,1674,983
199,person,0.7756830453872681,1348,332,1632,584
199,person,0.7462418675422668,308,421,778,1068
199,dining table,0.5759432911872864,890,786,1919,1074
199,chair,0.4942554831504822,250,556,368,746
199,chair,0.4897015392780304,28,578,259,795
200,person,0.8966505527496338,600,141,880,1025
200,person,0.8588647842407227,1102,393,1673,983
200,person,0.7814533114433289,1346,329,1632,582
200,person,0.745175302028656,307,420,777,1067
200,dining table,0.5631090998649597,888,788,1919,1074
200,chair,0.5295368432998657,251,557,367,746
200,chair,0.5097061395645142,26,577,255,793
201,person,0.8961185812950134,600,141,882,1024
201,person,0.8575845956802368,1103,393,1674,983
201,person,0.7863186597824097,1346,328,1632,582
201,person,0.7522212266921997,307,420,782,1067
201,dining table,0.5851437449455261,888,787,1919,1074
201,chair,0.4965599775314331,252,557,367,746
201,chair,0.45792585611343384,25,577,255,793
201,chair,0.4324205815792084,5,418,265,790
202,person,0.8961995840072632,600,141,882,1024
202,person,0.8586404323577881,1103,393,1676,983
202,person,0.7865492701530457,1345,328,1632,581
202,person,0.7439877986907959,307,420,775,1067
202,dining table,0.585972249507904,888,786,1919,1074
202,chair,0.4969119429588318,5,419,260,791
202,chair,0.47696107625961304,253,557,367,746
203,person,0.8935421705245972,603,141,881,1024
203,person,0.8560153245925903,1104,393,1674,981
203,person,0.7636894583702087,307,419,775,1068
203,person,0.753892183303833,1345,329,1631,580
203,dining table,0.5986748337745667,889,787,1919,1074
203,chair,0.5282401442527771,5,419,261,794
203,chair,0.43620410561561584,254,558,365,745
204,person,0.8945215940475464,605,141,881,1025
204,person,0.855579137802124,1104,393,1673,981
204,person,0.7994679808616638,307,419,776,1069
204,person,0.749484658241272,1345,332,1631,580
204,dining table,0.5848801732063293,889,787,1919,1074
204,chair,0.4996374547481537,4,419,258,794
204,chair,0.42081573605537415,253,557,365,745
205,person,0.8922463059425354,615,141,882,1025
205,person,0.8464669585227966,1104,393,1670,984
205,person,0.7661306262016296,307,418,760,1069
205,person,0.7580984234809875,1345,332,1630,580
205,dining table,0.6121639609336853,889,787,1919,1074
205,chair,0.503848671913147,4,419,259,794
205,chair,0.4173135757446289,253,558,364,745
206,person,0.8976758122444153,618,145,883,1023
206,person,0.8527653813362122,1105,393,1673,983
206,person,0.8078523278236389,307,419,780,1069
206,person,0.7772383689880371,1345,334,1630,581
206,dining table,0.604256272315979,891,788,1919,1074
206,chair,0.569420576095581,11,419,256,794
206,chair,0.41612353920936584,252,558,365,746
207,person,0.899096667766571,617,145,885,1023
207,person,0.8555768132209778,1105,393,1674,982
207,person,0.7813952565193176,306,418,780,1068
207,person,0.7729520797729492,1346,336,1630,583
207,dining table,0.5847094058990479,891,787,1919,1074
207,chair,0.5232756733894348,11,419,257,797
207,pizza,0.45943763852119446,677,691,796,757
208,person,0.8907787799835205,617,146,885,1022
208,person,0.8600619435310364,1105,395,1676,983
208,person,0.7770329117774963,1347,336,1630,582
208,person,0.7737201452255249,307,419,772,1069
208,dining table,0.5770046710968018,894,788,1919,1074
208,chair,0.548537015914917,11,418,257,799
209,person,0.9041165113449097,615,146,886,1024
209,person,0.860435426235199,1106,395,1676,983
209,person,0.7969483137130737,307,419,763,1069
209,person,0.7711589932441711,1348,337,1630,584
209,dining table,0.5920218229293823,894,787,1919,1075
209,chair,0.5515585541725159,10,418,259,800
210,person,0.8904645442962646,618,146,892,1026
210,person,0.8583396077156067,1104,396,1678,984
210,person,0.8239321112632751,306,421,770,1069
210,person,0.7651852965354919,1351,335,1629,584
210,dining table,0.5903043746948242,895,787,1919,1075
210,chair,0.5571351647377014,10,418,256,792
211,person,0.8878740072250366,620,143,901,1025
211,person,0.8660805225372314,1105,397,1678,984
211,person,0.8178324699401855,307,420,771,1069
211,person,0.7669943571090698,1356,333,1629,584
211,dining table,0.6032002568244934,894,787,1919,1074
211,chair,0.5686166286468506,9,419,254,790
212,person,0.8681244254112244,1106,398,1680,983
212,person,0.8654740452766418,620,141,907,1024
212,person,0.8420206308364868,306,420,784,1068
212,person,0.7795595526695251,1362,332,1629,584
212,chair,0.6151577830314636,6,417,254,784
212,dining table,0.5477637648582458,893,787,1919,1074
213,person,0.8733319044113159,1109,398,1684,978
213,person,0.8547595143318176,306,420,788,1068
213,person,0.8089743852615356,621,137,916,1023
213,person,0.7475887537002563,1366,333,1629,583
213,chair,0.6225511431694031,6,417,253,786
213,dining table,0.5010008811950684,887,780,1918,1074
213,person,0.4765782356262207,619,142,915,677
213,chair,0.44377055764198303,252,559,367,748
214,person,0.8650467991828918,1110,400,1685,978
214,person,0.8345979452133179,620,142,919,1022
214,person,0.8319185972213745,306,420,786,1069
214,person,0.7554118037223816,1372,334,1630,583
214,chair,0.6269025206565857,5,418,253,790
214,dining table,0.5265435576438904,893,787,1918,1074
214,chair,0.4804495573043823,252,559,366,748
215,person,0.8598046898841858,1109,402,1684,978
215,person,0.8377769589424133,621,137,920,1023
215,person,0.8246644735336304,305,419,788,1068
215,person,0.7637829184532166,1380,334,1629,582
215,chair,0.6566805839538574,8,419,254,799
215,dining table,0.5653241872787476,893,787,1918,1074
215,chair,0.4525694251060486,253,560,366,748
216,person,0.8615679144859314,1110,403,1685,978
216,person,0.8273791074752808,305,419,792,1066
216,person,0.8128322958946228,620,142,921,1026
216,person,0.7720586061477661,1390,334,1629,583
216,chair,0.6451950669288635,7,419,252,798
216,dining table,0.5793061256408691,894,788,1918,1074
216,chair,0.45582669973373413,252,559,366,748
217,person,0.8583573698997498,1109,404,1686,979
217,person,0.830708384513855,304,418,792,1065
217,person,0.8259523510932922,622,140,925,1020
217,person,0.764253556728363,1392,332,1629,582
217,chair,0.5957709550857544,7,420,252,799
217,dining table,0.5897036790847778,895,789,1918,1075
217,chair,0.4550243020057678,251,559,367,748
218,person,0.8652848601341248,1110,405,1688,977
218,person,0.8312225341796875,303,417,801,1064
218,person,0.8029427528381348,622,136,926,1021
218,person,0.7785435914993286,1398,333,1627,581
218,chair,0.590097963809967,6,419,251,798
218,dining table,0.556961178779602,929,789,1919,1077
218,chair,0.4450952112674713,251,559,367,748
218,person,0.43138569593429565,622,139,926,664
219,person,0.8713068962097168,1107,405,1689,978
219,person,0.8231763243675232,304,417,808,1064
219,person,0.7830809950828552,1403,332,1626,580
219,person,0.7703807950019836,624,139,931,1018
219,chair,0.638665497303009,5,419,251,798
219,dining table,0.5398564338684082,895,792,1918,1075
219,chair,0.41448238492012024,251,559,365,749
219,person,0.4133116900920868,623,138,930,665
220,person,0.8724361658096313,1110,406,1690,979
220,person,0.8303267955780029,303,417,803,1064
220,person,0.7730157375335693,1402,332,1626,580
220,person,0.7714973092079163,624,139,933,1000
220,chair,0.6764903664588928,4,419,251,798
220,dining table,0.5044006109237671,894,793,1918,1075
221,person,0.8772596716880798,1109,407,1692,978
221,person,0.8496801257133484,305,416,791,1065
221,person,0.7867124080657959,626,138,937,999
221,person,0.7813256978988647,1400,333,1625,578
221,chair,0.663120448589325,4,419,251,796
221,dining table,0.4294995069503784,894,792,1918,1075
222,person,0.8756198287010193,1112,408,1693,978
222,person,0.8632985353469849,304,416,793,1066
222,person,0.8018505573272705,630,134,937,983
222,person,0.7782414555549622,1400,333,1625,579
222,chair,0.6706271171569824,4,419,250,798
222,dining table,0.4079012870788574,894,793,1918,1076
223,person,0.8706428408622742,1114,410,1693,978
223,person,0.869070827960968,304,415,795,1067
223,person,0.830035924911499,635,136,935,984
223,person,0.7622323036193848,1399,333,1625,579
223,chair,0.6240770816802979,5,420,250,800
223,dining table,0.428690105676651,896,790,1918,1075
224,person,0.8669217824935913,1112,412,1694,981
224,person,0.8590986728668213,302,416,797,1066
224,person,0.826972484588623,637,136,941,1004
224,person,0.72735995054245,1399,334,1626,577
224,chair,0.5962768197059631,5,420,248,796
224,dining table,0.4594317376613617,898,788,1918,1075
225,person,0.8686494827270508,1115,414,1693,979
225,person,0.8558170199394226,304,414,793,1067
225,person,0.8365896940231323,641,134,944,1003
225,person,0.7573918700218201,1399,334,1626,577
225,chair,0.6016372442245483,4,420,247,799
225,dining table,0.5498345494270325,898,786,1918,1074
225,tie,0.4307723045349121,772,299,850,409
225,chair,0.40590396523475647,249,560,363,754
226,person,0.8721384406089783,1117,415,1695,977
226,person,0.8429679274559021,303,413,796,1066
226,person,0.8252595067024231,646,131,958,1026
226,person,0.7449599504470825,1396,334,1625,576
226,chair,0.6418519616127014,4,420,246,800
226,dining table,0.5968130826950073,900,786,1920,1073
226,chair,0.4052702486515045,247,559,363,754
227,person,0.8622152805328369,1117,419,1695,977
227,person,0.858173668384552,301,413,797,1065
227,person,0.8293094635009766,649,131,970,1028
227,person,0.7159887552261353,1395,334,1625,578
227,chair,0.6192593574523926,3,420,246,796
227,dining table,0.5813671350479126,901,788,1920,1073
228,person,0.860237181186676,1117,421,1697,978
228,person,0.8563426733016968,302,413,797,1067
228,person,0.8319122791290283,654,129,971,1027
228,person,0.6428247094154358,1398,333,1625,576
228,chair,0.6217553019523621,3,420,247,796
228,dining table,0.5235709547996521,901,793,1918,1074
229,person,0.875649094581604,1119,422,1697,977
229,person,0.8313421607017517,304,410,788,1069
229,person,0.7976107597351074,659,130,960,1015
229,person,0.6467732191085815,1399,332,1624,576
229,dining table,0.5264489650726318,902,794,1919,1074
229,chair,0.46679267287254333,0,420,250,790
230,person,0.8794977068901062,1119,423,1698,978
230,person,0.8154308795928955,304,409,783,1071
230,person,0.793592631816864,666,128,966,1020
230,person,0.6372917890548706,1398,331,1624,575
230,dining table,0.5025827884674072,903,791,1919,1075
230,chair,0.44499924778938293,0,420,253,788
231,person,0.8799900412559509,1121,423,1698,977
231,person,0.831633985042572,670,127,952,1025
231,person,0.8092657923698425,304,408,776,1071
231,person,0.6836201548576355,1397,329,1624,577
231,chair,0.4617197811603546,3,420,251,794
231,dining table,0.4572826027870178,902,786,1917,1073
232,person,0.8909876942634583,1123,423,1696,974
232,person,0.8069506883621216,304,407,776,1070
232,person,0.8023935556411743,674,127,952,1025
232,person,0.619462251663208,1392,330,1623,579
232,dining table,0.4645534157752991,902,795,1919,1074
233,person,0.8795981407165527,1123,427,1697,976
233,person,0.8106985688209534,676,127,955,1033
233,person,0.7840531468391418,304,405,753,1070
233,person,0.5322762131690979,1392,330,1622,577
233,dining table,0.5147358775138855,900,796,1919,1074
234,person,0.8948517441749573,1122,431,1694,977
234,person,0.8284564018249512,679,127,963,1035
234,person,0.7828144431114197,303,406,755,1069
234,sandwich,0.5985590815544128,1382,846,1523,923
234,person,0.565559983253479,1397,330,1622,579
234,dining table,0.5065872669219971,901,796,1919,1074
234,chair,0.43324074149131775,2,419,244,802
235,person,0.8921038508415222,1121,434,1694,979
235,person,0.8228601813316345,684,129,968,1035
235,person,0.7786116003990173,300,409,781,1069
235,dining table,0.49241554737091064,902,796,1919,1074
235,sandwich,0.4518105685710907,1381,845,1523,923
235,chair,0.448886901140213,0,420,246,797
236,person,0.8956118822097778,1123,436,1697,977
236,person,0.8265518546104431,685,130,977,1037
236,person,0.7738140821456909,300,406,776,1070
236,dining table,0.5413692593574524,901,795,1919,1074
236,chair,0.44302576780319214,0,420,248,790
237,person,0.8917283415794373,1122,441,1694,979
237,person,0.7874518036842346,301,405,777,1069
237,person,0.777233898639679,688,128,994,1029
237,dining table,0.5533631443977356,902,796,1919,1074
238,person,0.8880380392074585,1122,444,1697,979
238,person,0.8004239797592163,690,129,1001,1027
238,person,0.7810720801353455,300,404,776,1068
238,dining table,0.5712698698043823,904,796,1919,1074
239,person,0.8811376094818115,1122,447,1694,981
239,person,0.803136944770813,702,131,1015,1025
239,person,0.7879115343093872,299,402,786,1068
239,dining table,0.5690886378288269,905,795,1919,1074
239,chair,0.41367441415786743,0,419,246,794
239,person,0.4016147255897522,1293,329,1603,563
240,person,0.8773841857910156,1123,451,1694,982
240,person,0.8020744323730469,700,127,1025,1030
240,person,0.7793169617652893,302,400,728,1068
240,dining table,0.57171630859375,907,795,1919,1074
240,chair,0.47576114535331726,0,419,248,799
240,chair,0.42166873812675476,254,561,364,753
241,person,0.8698121309280396,1123,455,1694,982
241,person,0.7929443120956421,300,400,759,1067
241,person,0.7670105695724487,696,129,1033,1030
241,dining table,0.5917025208473206,907,796,1918,1074
241,chair,0.4875921905040741,0,419,248,796
241,person,0.4408179223537445,1293,328,1604,564
241,chair,0.40191519260406494,250,561,364,754
242,person,0.8683501482009888,1123,454,1699,979
242,person,0.785714328289032,302,397,702,1068
242,person,0.7611715793609619,696,128,1048,1031
242,dining table,0.589918851852417,906,797,1918,1075
242,person,0.4664172828197479,1288,330,1605,564
242,chair,0.4419013559818268,0,419,246,792
243,person,0.8634408116340637,1123,460,1694,979
243,person,0.8047600388526917,300,398,734,1067
243,person,0.7863844037055969,731,128,1051,1031
243,dining table,0.5692199468612671,904,796,1920,1073
243,person,0.48171254992485046,1288,331,1602,564
244,person,0.8673022389411926,1123,460,1699,978
244,person,0.8128266334533691,298,396,719,1067
244,person,0.7924917936325073,774,128,1068,1028
244,person,0.5751058459281921,1292,331,1608,570
244,dining table,0.5681141018867493,904,794,1920,1073
244,chair,0.40404850244522095,253,561,362,754
245,person,0.862311601638794,1123,467,1694,978
245,person,0.8201941847801208,301,397,684,1069
245,person,0.7913649678230286,779,123,1081,1021
245,person,0.6015944480895996,1283,331,1607,570
245,dining table,0.5642474889755249,907,795,1918,1074
246,person,0.8601638674736023,1122,469,1694,979
246,person,0.8278746008872986,300,396,682,1069
246,person,0.7480723261833191,795,121,1085,1013
246,person,0.6523862481117249,1272,331,1605,569
246,dining table,0.5744754076004028,908,793,1918,1075
246,person,0.5311481356620789,811,116,1085,667
246,chair,0.41929614543914795,0,419,246,792
247,person,0.8600814342498779,1121,469,1699,979
247,person,0.8119964599609375,300,395,683,1068
247,person,0.7061117887496948,811,118,1105,1002
247,person,0.7009456157684326,1270,332,1607,568
247,person,0.6520935297012329,818,115,1100,667
247,dining table,0.5609515309333801,908,794,1918,1075
247,chair,0.4662401080131531,0,419,243,794
248,person,0.858218789100647,1121,471,1698,978
248,person,0.8073703050613403,298,392,686,1068
248,person,0.727266252040863,1268,332,1611,570
248,person,0.6850951313972473,826,116,1113,990
248,person,0.59666508436203,826,114,1110,665
248,dining table,0.5761055946350098,908,792,1918,1075
248,chair,0.5211251974105835,0,419,242,802
249,person,0.8644730448722839,1122,472,1698,978
249,person,0.8164151906967163,298,391,680,1067
249,person,0.7338542938232422,803,113,1119,972
249,person,0.732770562171936,1265,330,1611,568
249,dining table,0.5496737957000732,910,791,1918,1075
249,chair,0.5079103708267212,0,420,241,800
250,person,0.8580212593078613,1121,474,1697,979
250,person,0.8152260184288025,297,391,680,1068
250,person,0.7660036087036133,812,109,1118,960
250,person,0.7387369275093079,1263,329,1615,566
250,dining table,0.5420035719871521,911,791,1918,1074
250,chair,0.5324602127075195,0,420,242,800
251,person,0.8591564893722534,1120,475,1697,980
251,person,0.8054267168045044,295,390,676,1072
251,person,0.7838924527168274,1260,331,1615,566
251,person,0.766512930393219,825,106,1125,949
251,chair,0.6198577284812927,0,419,240,804
251,dining table,0.5358684659004211,911,791,1918,1074
251,bottle,0.4120774567127228,793,371,817,432
252,person,0.8613930940628052,1121,481,1692,979
252,person,0.8222194314002991,837,107,1128,950
252,person,0.8066958785057068,1257,331,1615,567
252,person,0.7871521711349487,295,390,674,1071
252,bottle,0.5954685211181641,791,371,816,432
252,dining table,0.5627179145812988,906,793,1920,1072
252,chair,0.544288694858551,0,418,236,802
253,person,0.8700535893440247,1121,482,1692,977
253,person,0.8233883380889893,850,105,1132,934
253,person,0.8086605072021484,1258,330,1613,566
253,person,0.797164797782898,295,388,674,1072
253,dining table,0.5860813856124878,905,793,1920,1073
253,chair,0.5748206377029419,0,419,240,800
253,bottle,0.5148239731788635,790,370,816,432
253,dining table,0.4199284315109253,175,605,1134,1056
253,chair,0.4032673239707947,0,418,159,528
254,person,0.8681235313415527,1121,483,1691,978
254,person,0.8418917655944824,863,106,1139,935
254,person,0.8015843033790588,295,386,673,1071
254,person,0.7796298265457153,1257,331,1612,567
254,dining table,0.5592207908630371,909,792,1918,1074
254,chair,0.544678270816803,0,419,241,801
254,bottle,0.5416268706321716,789,370,816,433
255,person,0.8749390840530396,1120,485,1691,976
255,person,0.7906644940376282,871,108,1153,923
255,person,0.7900204658508301,294,386,671,1063
255,person,0.7729526162147522,1257,332,1608,568
255,chair,0.6095955967903137,0,420,243,808
255,dining table,0.5293850302696228,909,792,1918,1074
255,bottle,0.5290898084640503,787,371,814,434
255,chair,0.40664517879486084,0,418,157,528
256,person,0.877782940864563,1120,485,1690,976
256,person,0.8055262565612793,293,386,671,1063
256,person,0.7773995995521545,1256,331,1606,568
256,chair,0.6518872380256653,0,419,241,801
256,person,0.5912742614746094,883,107,1147,670
256,person,0.5540660619735718,871,108,1153,914
256,dining table,0.495503693819046,908,792,1918,1074
256,tie,0.4834774136543274,1054,255,1097,374
256,chair,0.46838873624801636,248,563,351,754
256,chair,0.4154423177242279,0,419,156,528
256,book,0.40074020624160767,412,686,646,783
257,person,0.8735171556472778,1118,483,1694,977
257,person,0.7694821357727051,292,384,672,1069
257,person,0.7476944327354431,1258,332,1605,568
257,chair,0.6523957252502441,0,419,240,803
257,person,0.6182553172111511,885,107,1151,670
257,tie,0.5972306132316589,1058,256,1099,373
257,person,0.571056604385376,874,107,1156,909
257,dining table,0.5123245716094971,905,794,1917,1074
257,book,0.5040553212165833,403,686,648,782
258,person,0.8782827854156494,1117,484,1692,976
258,person,0.791138231754303,291,384,666,1064
258,person,0.7781488299369812,1254,332,1604,569
258,person,0.7187227010726929,878,104,1162,906
258,chair,0.6651541590690613,0,421,235,810
258,dining table,0.5602352619171143,906,796,1917,1074
258,tie,0.5165988206863403,1064,256,1101,376
258,book,0.40696245431900024,406,687,648,781
259,person,0.878168523311615,1115,484,1691,976
259,person,0.780555784702301,291,384,671,1069
259,person,0.7736100554466248,1255,330,1603,569
259,person,0.7703402042388916,880,103,1164,905
259,chair,0.6984750628471375,0,420,241,805
259,dining table,0.5340672135353088,903,795,1917,1074
259,tie,0.5237093567848206,1067,253,1109,383
259,book,0.4926231801509857,405,686,640,781
260,person,0.8780035376548767,1115,484,1691,974
260,person,0.7814539670944214,1254,328,1602,569
260,person,0.7626845240592957,291,383,672,1071
260,chair,0.7068839073181152,0,419,238,805
260,person,0.6982633471488953,882,105,1161,920
260,tie,0.5932651162147522,1071,253,1118,394
260,dining table,0.5583041906356812,900,795,1919,1072
260,book,0.47983062267303467,400,687,645,782
261,person,0.8741158246994019,1113,485,1689,974
261,person,0.8175281286239624,1252,330,1602,570
261,person,0.7953466176986694,290,383,668,1070
261,tie,0.7087720036506653,1074,251,1123,380
261,person,0.6889869570732117,885,102,1168,906
261,chair,0.6504837274551392,0,422,237,810
261,dining table,0.5296093225479126,900,795,1917,1073
261,book,0.4366949200630188,401,687,742,782
262,person,0.8734593987464905,1112,485,1687,976
262,person,0.8188262581825256,1252,328,1600,569
262,person,0.7973439693450928,288,381,664,1073
262,chair,0.6660998463630676,0,422,241,809
262,person,0.666019856929779,886,101,1170,905
262,tie,0.6072002053260803,1079,252,1125,374
262,dining table,0.5315068364143372,901,796,1918,1072
263,person,0.8732761740684509,1110,485,1687,976
263,person,0.807628333568573,1250,327,1599,570
263,person,0.785396158695221,288,381,664,1072
263,person,0.7428233623504639,890,106,1174,666
263,chair,0.6502962112426758,0,422,233,809
263,dining table,0.5125522613525391,899,795,1916,1074
263,tie,0.4466598927974701,1082,255,1128,374
263,dining table,0.4109709858894348,154,620,1052,1069
264,person,0.8721998333930969,1112,485,1685,975
264,person,0.8172279000282288,1249,329,1598,570
264,person,0.7993614077568054,889,107,1173,661
264,person,0.7594532370567322,287,381,665,1073
264,dining table,0.5824776887893677,898,793,1918,1072
264,chair,0.5643322467803955,0,423,226,809
265,person,0.8645680546760559,1111,486,1683,974
265,person,0.7963424921035767,1248,327,1595,570
265,person,0.7834004163742065,888,108,1184,660
265,person,0.7700962424278259,285,380,663,1072
265,dining table,0.61281418800354,898,790,1918,1072
265,chair,0.5731494426727295,0,423,228,810
265,tie,0.5585138201713562,1100,256,1141,373
265,dining table,0.4207909107208252,153,621,1050,1069
266,person,0.8628177046775818,1111,485,1682,973
266,person,0.8263680934906006,887,108,1193,653
266,person,0.7892041802406311,1246,327,1594,570
266,person,0.7887091040611267,286,379,661,1073
266,chair,0.6269834637641907,0,423,227,813
266,dining table,0.598983645439148,897,788,1918,1073
266,tie,0.5471421480178833,1102,258,1145,375
266,dining table,0.40294572710990906,154,620,1075,1069
267,person,0.8668678998947144,1110,485,1682,973
267,person,0.8008958697319031,889,110,1202,654
267,person,0.7421586513519287,285,378,662,1072
267,person,0.6998984217643738,1247,328,1592,568
267,dining table,0.6081942319869995,898,785,1917,1072
267,chair,0.595371425151825,0,423,223,812
268,person,0.8657301068305969,1110,485,1681,974
268,person,0.7681639194488525,284,378,662,1073
268,person,0.7095333337783813,889,109,1213,655
268,person,0.688572108745575,1248,328,1590,568
268,chair,0.6172292232513428,0,423,225,813
268,dining table,0.6081163287162781,899,784,1917,1072
268,tie,0.48836684226989746,1124,269,1164,379
268,pizza,0.40620067715644836,643,694,781,757
269,person,0.859067440032959,1109,485,1682,974
269,person,0.7898889780044556,890,111,1225,656
269,person,0.7556570172309875,283,377,662,1073
269,person,0.7027702927589417,1247,326,1590,569
269,chair,0.6214302778244019,0,422,224,814
269,dining table,0.5995732545852661,898,782,1917,1072
270,person,0.8677114248275757,1113,489,1679,974
270,person,0.7298530340194702,281,377,661,1071
270,person,0.7017055749893188,886,117,1229,659
270,person,0.676519513130188,1247,328,1589,569
270,dining table,0.6057695150375366,899,783,1918,1072
270,chair,0.5672571063041687,0,424,224,813
270,bottle,0.5374470353126526,774,371,798,432
270,pizza,0.4149438738822937,981,612,1132,657
271,person,0.8637337684631348,1112,488,1678,973
271,person,0.8029212355613708,278,374,658,1067
271,person,0.6907064914703369,1245,329,1590,570
271,person,0.6111376881599426,892,112,1237,660
271,chair,0.5975015163421631,0,423,217,813
271,dining table,0.5783526301383972,899,784,1917,1073
271,pizza,0.4358201026916504,982,612,1131,661
271,chair,0.4129349887371063,225,563,336,757
272,person,0.8305912613868713,1107,486,1676,976
272,person,0.8206860423088074,278,373,656,1066
272,person,0.7449470162391663,1250,329,1588,569
272,person,0.7206050157546997,890,110,1247,658
272,dining table,0.6155850291252136,899,782,1917,1073
272,chair,0.5212648510932922,0,424,218,807
272,bottle,0.4806206226348877,772,371,796,432
273,person,0.8187142014503479,1107,487,1676,976
273,person,0.8081563711166382,276,372,655,1067
273,person,0.7805550694465637,1256,327,1588,569
273,dining table,0.646838903427124,899,781,1917,1073
273,person,0.5164884328842163,891,109,1254,658
273,chair,0.5142536163330078,0,424,219,812
273,bottle,0.4664129316806793,772,372,793,433
273,person,0.4633805751800537,885,113,1253,937
273,chair,0.4424135088920593,224,563,333,757
274,person,0.8230882287025452,1107,485,1676,974
274,person,0.7910964488983154,275,371,653,1066
274,person,0.7722139954566956,1264,328,1587,568
274,dining table,0.6358038783073425,898,780,1917,1073
274,bottle,0.5893721580505371,769,370,793,433
274,chair,0.5196397304534912,0,424,214,813
274,person,0.5155110955238342,886,112,1271,762
274,chair,0.47598978877067566,226,563,333,757
274,chair,0.45105689764022827,0,582,214,813
274,chair,0.446050226688385,0,420,135,530
274,tie,0.40187132358551025,1191,277,1227,381
275,person,0.8345853686332703,1105,485,1675,975
275,person,0.7953014373779297,275,370,654,1067
275,person,0.773138165473938,1270,328,1583,568
275,person,0.7551588416099548,881,112,1286,671
275,bottle,0.627150297164917,768,370,792,432
275,chair,0.5972628593444824,0,424,215,814
275,dining table,0.592211127281189,898,779,1917,1073
275,chair,0.44878333806991577,227,564,331,757
275,chair,0.4415101408958435,0,580,216,813
275,chair,0.430698424577713,0,421,133,530
276,person,0.8629860281944275,887,109,1302,671
276,person,0.8317251205444336,1104,482,1675,976
276,person,0.800223171710968,274,369,654,1068
276,person,0.7193740606307983,1276,329,1581,568
276,bottle,0.6278126239776611,767,369,791,432
276,chair,0.6003227233886719,0,424,208,815
276,dining table,0.5944284796714783,898,780,1916,1073
276,chair,0.5100162625312805,226,564,329,757
276,chair,0.4803176820278168,0,421,132,529
276,chair,0.4607463479042053,0,581,209,814
277,person,0.8699703216552734,889,109,1311,663
277,person,0.8398556113243103,1104,480,1673,975
277,person,0.8028682470321655,273,369,653,1070
277,person,0.6897953748703003,1278,327,1578,567
277,chair,0.6082050800323486,0,425,208,815
277,dining table,0.5793114900588989,896,781,1916,1073
277,bottle,0.5531150698661804,765,369,789,434
277,chair,0.4892200827598572,225,565,329,757
277,chair,0.45293816924095154,0,580,208,814
277,tie,0.425527960062027,1220,275,1263,393
277,dining table,0.42249611020088196,138,611,1029,1070
277,chair,0.41921132802963257,0,422,129,530
277,chair,0.40667417645454407,925,657,1146,1042
278,person,0.8622708320617676,895,107,1324,650
278,person,0.8482246994972229,1108,476,1676,971
278,person,0.7693116664886475,274,371,655,1071
278,person,0.7196873426437378,1282,329,1577,565
278,chair,0.6047107577323914,0,425,211,814
278,dining table,0.5553412437438965,893,777,1916,1073
278,chair,0.464816153049469,224,564,329,757
278,chair,0.43612435460090637,928,654,1145,1042
278,tie,0.4234172999858856,1223,275,1266,390
278,bottle,0.42071637511253357,762,369,786,433
278,dining table,0.4010576605796814,131,614,1024,1069
279,person,0.8816972970962524,910,105,1334,648
279,person,0.8335499167442322,1105,479,1670,973
279,person,0.7530561089515686,1290,328,1576,564
279,person,0.7373722791671753,272,368,653,1069
279,chair,0.5932272672653198,0,425,216,815
279,dining table,0.5736063122749329,889,777,1914,1073
279,bottle,0.5645675659179688,760,370,784,434
279,chair,0.5051924586296082,934,653,1143,1043
279,chair,0.4617197811603546,223,564,328,758
280,person,0.8560866117477417,933,104,1336,646
280,person,0.839540421962738,1102,480,1668,974
280,person,0.7650914192199707,1288,328,1573,564
280,person,0.712155282497406,272,368,656,1069
280,chair,0.604091227054596,0,425,216,815
280,dining table,0.5296827554702759,889,775,1913,1073
280,chair,0.41890937089920044,219,564,327,759
281,person,0.8832032680511475,967,102,1344,647
281,person,0.8396672010421753,1098,481,1667,976
281,person,0.7275224924087524,270,367,654,1069
281,person,0.7167059779167175,1290,327,1570,563
281,chair,0.6413735747337341,0,424,216,815
281,dining table,0.565864622592926,889,774,1912,1073
281,dining table,0.424152135848999,117,597,1031,1070
282,person,0.8446580171585083,1098,485,1664,974
282,person,0.8394880890846252,990,96,1348,647
282,person,0.7660531401634216,267,367,646,1070
282,person,0.6743555068969727,1268,325,1563,563
282,chair,0.6024609804153442,0,424,208,817
282,dining table,0.5680624842643738,887,774,1910,1073
282,tie,0.5313206911087036,1256,266,1300,399
282,dining table,0.4292992055416107,134,600,1029,1069
283,person,0.8578067421913147,1095,484,1665,977
283,person,0.8510298728942871,1002,95,1352,654
283,person,0.7031771540641785,267,366,656,1070
283,person,0.6315139532089233,1258,326,1557,563
283,tie,0.6228004097938538,1253,265,1307,407
283,chair,0.6204881072044373,0,425,204,818
283,dining table,0.5493948459625244,886,773,1907,1072
283,chair,0.4197399914264679,214,564,319,760
283,dining table,0.41848546266555786,115,599,1021,1070
284,person,0.8799965977668762,1030,94,1352,650
284,person,0.876072883605957,1092,484,1660,976
284,person,0.6885992288589478,266,365,646,1070
284,person,0.6410700678825378,1286,325,1546,563
284,tie,0.6232417225837708,1256,261,1313,419
284,dining table,0.5529922246932983,886,774,1904,1072
284,chair,0.5181688666343689,0,425,205,819
285,person,0.885392963886261,1041,91,1356,643
285,person,0.879450798034668,1091,484,1660,974
285,person,0.7402666807174683,266,365,646,1072
285,person,0.6683655381202698,1287,325,1563,564
285,dining table,0.5921338200569153,884,772,1903,1072
285,chair,0.49134278297424316,0,426,203,817
285,chair,0.4829631447792053,928,648,1138,1035
285,tie,0.439662903547287,1260,258,1315,390
285,chair,0.403185099363327,200,559,314,762
286,person,0.8731597661972046,1088,484,1659,974
286,person,0.8595913052558899,1054,89,1359,630
286,person,0.7568012475967407,266,365,639,1071
286,person,0.6648648381233215,1297,325,1563,563
286,chair,0.5344659686088562,0,425,203,821
286,dining table,0.5290851593017578,884,774,1899,1072
286,tie,0.45482560992240906,1260,256,1312,381
286,chair,0.4431907534599304,928,653,1136,1030
287,person,0.8888681530952454,1089,485,1657,976
287,person,0.8583954572677612,1077,86,1358,636
287,person,0.7386879324913025,263,365,638,1071
287,person,0.6649117469787598,1297,324,1562,563
287,chair,0.5461152791976929,0,426,201,822
287,tie,0.5262287855148315,1267,254,1320,385
287,dining table,0.5259982347488403,880,775,1897,1072
287,chair,0.4848775267601013,926,652,1134,1037
288,person,0.8875088095664978,1091,483,1656,975
288,person,0.8663209080696106,1092,86,1358,626
288,person,0.7002138495445251,261,364,638,1071
288,person,0.6887730956077576,1302,324,1561,566
288,dining table,0.5745497941970825,877,773,1895,1072
288,chair,0.5445107817649841,0,425,196,821
288,tie,0.4248296320438385,1270,255,1330,443
288,tie,0.41394463181495667,1269,256,1327,394
288,dining table,0.40920692682266235,108,602,1011,1070
288,chair,0.4011557102203369,196,561,306,763
289,person,0.8895419836044312,1092,484,1655,974
289,person,0.8666367530822754,1103,87,1359,621
289,person,0.7745550870895386,257,364,633,1071
289,person,0.6174180507659912,1308,327,1557,566
289,dining table,0.5968595743179321,877,773,1893,1072
289,bottle,0.4262947738170624,744,370,768,433
289,chair,0.4135429561138153,0,426,185,818
289,tie,0.41295069456100464,1272,256,1331,387
290,person,0.8947256803512573,1092,485,1651,973
290,person,0.829390823841095,1110,86,1361,621
290,person,0.8004641532897949,254,363,632,1071
290,person,0.6948428153991699,1313,328,1553,567
290,dining table,0.6360749006271362,877,769,1890,1071
290,tie,0.4745989143848419,1272,257,1335,389
290,dining table,0.4148589074611664,121,603,1012,1069
291,person,0.8998632431030273,1091,484,1649,972
291,person,0.8441927433013916,1114,86,1366,618
291,person,0.7804945707321167,250,362,630,1071
291,person,0.6686654090881348,1319,331,1550,567
291,dining table,0.664455235004425,873,767,1887,1072
291,chair,0.4168609380722046,0,425,187,783
291,dining table,0.41483092308044434,114,605,1011,1070
292,person,0.9025754928588867,1088,483,1647,971
292,person,0.8346524834632874,1117,85,1376,614
292,person,0.8051542043685913,246,362,629,1071
292,person,0.7213730812072754,1323,330,1549,564
292,dining table,0.6418899893760681,870,766,1883,1072
292,tie,0.5356425642967224,1283,258,1347,393
292,chair,0.43210098147392273,925,649,1126,1034
292,chair,0.42940637469291687,0,426,180,774
292,dining table,0.40463656187057495,111,607,1011,1069
293,person,0.8948662877082825,1086,486,1645,969
293,person,0.8246640563011169,1117,84,1380,616
293,person,0.7397086024284363,245,361,631,1072
293,person,0.7232086658477783,1330,331,1546,565
293,dining table,0.6327931880950928,866,768,1879,1072
293,tie,0.5254181623458862,1286,259,1350,392
293,chair,0.4648425281047821,0,426,169,757
293,chair,0.426211953163147,913,645,1126,1035
294,person,0.8964009284973145,1081,485,1641,970
294,person,0.7839829325675964,1122,87,1392,615
294,person,0.72739577293396,240,360,630,1071
294,dining table,0.6202418208122253,858,767,1877,1072
294,chair,0.5102924704551697,0,426,167,763
294,tie,0.5096189379692078,1295,258,1359,396
294,person,0.5090396404266357,1337,332,1544,566
294,dining table,0.4412711262702942,95,604,1006,1069
294,chair,0.41733837127685547,175,565,285,763
295,person,0.8942400217056274,1077,482,1639,971
295,person,0.790398895740509,1128,85,1397,609
295,person,0.7602776885032654,239,360,620,1070
295,dining table,0.5870206952095032,858,766,1875,1072
295,chair,0.5044971704483032,0,427,164,757
295,dining table,0.45988985896110535,95,601,1001,1067
295,person,0.44041576981544495,1344,336,1543,567
295,chair,0.43859967589378357,173,566,284,764
296,person,0.867959201335907,1073,480,1638,972
296,person,0.7510409951210022,236,359,615,1070
296,dining table,0.5632530450820923,856,766,1874,1072
296,chair,0.539840579032898,0,427,156,743
296,person,0.5233149528503418,1138,87,1538,594
296,person,0.4830951988697052,1138,85,1411,594
296,chair,0.4507473409175873,179,565,280,766
296,dining table,0.4175845980644226,95,602,998,1068
297,person,0.8610402345657349,1069,480,1634,971
297,person,0.7989460825920105,236,356,615,1071
297,person,0.5985190272331238,1144,89,1536,593
297,dining table,0.5394231081008911,854,766,1872,1073
297,chair,0.4902227818965912,0,426,156,746
297,person,0.4696258008480072,1145,86,1420,592
297,dining table,0.43987154960632324,94,599,995,1067
297,bottle,0.40724852681159973,724,371,746,432
298,person,0.8580509424209595,1062,481,1629,974
298,person,0.7699307203292847,232,357,613,1071
298,chair,0.6144058704376221,0,425,157,747
298,dining table,0.5648121237754822,853,765,1868,1074
298,person,0.48559218645095825,1151,92,1430,594
298,bottle,0.45034337043762207,720,370,745,433
298,chair,0.4130590558052063,899,648,1115,1045
299,person,0.8632320165634155,1057,481,1630,980
299,person,0.8149881958961487,1163,93,1531,571
299,person,0.794220507144928,230,357,610,1071
299,chair,0.5904541611671448,0,425,149,752
299,dining table,0.5470881462097168,853,761,1866,1073
299,bottle,0.49268415570259094,718,369,742,433
299,dining table,0.43086573481559753,87,600,985,1067
299,chair,0.40133386850357056,156,563,271,768
300,person,0.8660132884979248,1053,479,1628,980
300,person,0.7696599960327148,1173,95,1517,561
300,person,0.7410876750946045,226,356,606,1071
300,chair,0.6360421776771545,0,424,150,758
300,dining table,0.4658079743385315,850,760,1861,1074
300,dining table,0.4365062713623047,87,598,982,1069
300,chair,0.42104578018188477,893,649,1111,1045
301,person,0.8585572242736816,1053,476,1621,981
301,person,0.8136292099952698,1198,95,1523,558
301,person,0.6851348876953125,220,351,613,1070
301,chair,0.6672155261039734,0,425,149,758
301,dining table,0.46232473850250244,847,760,1855,1074
301,chair,0.45412981510162354,159,569,261,767
301,dining table,0.4461233913898468,87,598,979,1069
301,chair,0.42655056715011597,891,650,1109,1042
301,chair,0.41487252712249756,1173,458,1230,556
302,person,0.8627980351448059,1052,475,1614,980
302,person,0.705191969871521,217,354,610,1071
302,chair,0.6810882687568665,0,426,152,767
302,person,0.5431610345840454,1204,92,1530,562
302,chair,0.47815385460853577,157,568,261,767
302,dining table,0.45991840958595276,842,757,1854,1074
302,chair,0.430390328168869,887,649,1105,1042
302,chair,0.412764310836792,1170,459,1235,559
303,person,0.869066596031189,1053,478,1613,976
303,person,0.7335160374641418,215,352,592,1070
303,chair,0.7178345918655396,0,424,145,763
303,person,0.6326528191566467,1209,87,1479,548
303,chair,0.49202960729599,149,570,255,767
303,dining table,0.42335209250450134,841,753,1851,1074
303,dining table,0.40244483947753906,78,600,975,1069
304,person,0.87590491771698,1050,478,1612,976
304,person,0.7338002920150757,212,351,589,1071
304,person,0.7082920074462891,1230,89,1482,545
304,chair,0.6956748962402344,0,422,146,769
304,chair,0.45247024297714233,136,567,248,767
304,tie,0.4106852412223816,1407,269,1463,411
304,dining table,0.4095841944217682,836,751,1845,1074
305,person,0.8605442047119141,1045,476,1604,981
305,person,0.7893930673599243,212,346,580,1070
305,chair,0.6611799597740173,0,425,131,762
305,person,0.6301887631416321,1233,90,1509,556
305,chair,0.4152255654335022,124,566,242,767
305,chair,0.4111931324005127,883,647,1092,1037
306,person,0.8686140179634094,1040,477,1603,981
306,person,0.8034622669219971,205,346,577,1069
306,chair,0.6917577981948853,0,425,123,768
306,person,0.5185327529907227,1234,88,1564,561
306,chair,0.46549317240715027,873,648,1090,1041
306,chair,0.41937729716300964,128,568,238,768
307,person,0.886661171913147,1037,478,1597,979
307,person,0.7985047101974487,198,348,584,1069
307,chair,0.6315743923187256,0,427,121,769
307,chair,0.5440980195999146,125,569,235,770
307,person,0.5172715783119202,1236,89,1562,587
307,dining table,0.46058911085128784,824,752,1829,1074
307,tie,0.4143943786621094,1414,271,1496,409
307,dining table,0.41330912709236145,51,600,959,1071
308,person,0.8842145800590515,1034,481,1591,974
308,person,0.7952211499214172,194,347,573,1069
308,tie,0.6790075302124023,1442,272,1503,412
308,tie,0.5600811243057251,1419,272,1499,412
308,person,0.5583703517913818,1232,91,1559,743
308,chair,0.5343005061149597,125,571,227,770
308,chair,0.49243947863578796,0,423,128,770
308,chair,0.4838092625141144,869,644,1083,1037
308,dining table,0.44993576407432556,819,757,1825,1073
308,dining table,0.4463338851928711,39,605,955,1064
309,person,0.8884190320968628,1025,477,1589,971
309,person,0.8276932239532471,186,347,566,1070
309,tie,0.827524721622467,1429,273,1510,417
309,person,0.7236730456352234,1238,92,1604,744
309,bottle,0.5501153469085693,675,370,701,433
309,chair,0.5113674402236938,0,427,123,767
309,dining table,0.4805086851119995,816,756,1820,1073
309,dining table,0.405351847410202,41,601,959,1069
310,person,0.8707947731018066,1019,480,1585,971
310,tie,0.8262413740158081,1443,274,1509,415
310,person,0.8231845498085022,179,347,566,1071
310,bottle,0.6344136595726013,669,369,695,434
310,person,0.6309759616851807,1193,92,1614,686
310,chair,0.5447836518287659,0,438,115,777
310,chair,0.46405506134033203,121,572,215,772
310,dining table,0.4585062861442566,816,755,1811,1073
311,person,0.8657031655311584,1017,480,1582,974
311,tie,0.7256559729576111,1440,274,1522,414
311,person,0.6968652009963989,1251,91,1616,629
311,person,0.6729464530944824,176,349,561,1069
311,chair,0.5885996222496033,110,574,208,773
311,chair,0.5494498014450073,0,586,104,780
311,dining table,0.5314978957176208,816,754,1804,1073
311,chair,0.5064513087272644,847,647,1068,1046
311,bottle,0.49606606364250183,662,368,687,433
312,person,0.8642540574073792,1013,479,1571,972
312,person,0.7987841963768005,168,348,635,1069
312,person,0.657334566116333,1256,88,1610,630
312,tie,0.5740736126899719,1443,273,1523,415
312,chair,0.5619832277297974,853,645,1061,1040
312,dining table,0.5566225647926331,815,751,1797,1072
312,chair,0.4628496766090393,81,572,194,775
313,person,0.8768808841705322,1009,474,1565,973
313,person,0.7744577527046204,160,347,550,1070
313,person,0.7169968485832214,1269,84,1609,739
313,tie,0.6364388465881348,1437,271,1528,410
313,person,0.6132245063781738,1122,329,1291,556
313,chair,0.501116931438446,82,576,187,776
313,dining table,0.4972877502441406,815,747,1789,1071
313,chair,0.48961126804351807,834,643,1059,1045
314,person,0.8728854656219482,1002,473,1558,973
314,person,0.7468224763870239,151,347,551,1070
314,person,0.7227733135223389,1277,81,1613,748
314,person,0.6708823442459106,1119,332,1294,555
314,chair,0.5592787861824036,82,575,183,776
314,tie,0.445425420999527,1475,269,1528,407
314,dining table,0.43401437997817993,811,747,1782,1072
314,tie,0.4106970429420471,1439,269,1531,406
315,person,0.8904469609260559,997,472,1554,972
315,person,0.7319045066833496,1114,326,1299,554
315,person,0.7024485468864441,141,347,567,1069
315,person,0.6658221483230591,1280,80,1625,748
315,tie,0.5383617281913757,1482,271,1527,408
315,chair,0.5117939710617065,828,643,1043,1041
315,chair,0.4829794764518738,81,575,179,778
315,dining table,0.47286295890808105,808,748,1776,1072
316,person,0.8858127593994141,994,473,1547,971
316,person,0.7757920026779175,135,345,527,1068
316,person,0.6878902316093445,1110,324,1342,553
316,tie,0.6796863675117493,1485,273,1530,411
316,person,0.6618011593818665,1288,82,1635,741
316,dining table,0.5311620235443115,806,756,1769,1072
316,chair,0.5197170376777649,76,576,174,778
316,chair,0.49059686064720154,828,640,1039,1038
317,person,0.8902774453163147,988,472,1542,968
317,person,0.8077467679977417,128,343,519,1068
317,person,0.7994460463523865,1293,83,1639,745
317,person,0.786988377571106,1103,321,1311,554
317,chair,0.6113635897636414,66,576,161,779
317,bottle,0.5253618955612183,624,370,649,434
317,dining table,0.4680260121822357,801,750,1766,1074
317,chair,0.4578423798084259,809,637,1035,1044
317,tie,0.4194820821285248,1485,275,1536,413
318,person,0.8822312951087952,981,471,1535,969
318,person,0.7925964593887329,1298,85,1641,740
318,person,0.7710046768188477,121,343,513,1067
318,person,0.7519887685775757,1097,323,1313,553
318,chair,0.5598814487457275,62,576,154,778
318,bottle,0.47240930795669556,616,370,641,434
318,dining table,0.4234669804573059,787,746,1758,1073
319,person,0.8852113485336304,970,473,1533,970
319,person,0.8446710109710693,1301,89,1641,749
319,person,0.8026576638221741,115,343,506,1069
319,person,0.7514433264732361,1089,323,1314,551
319,chair,0.5439386963844299,45,577,143,780
319,chair,0.530097246170044,800,642,1023,1046
319,dining table,0.4677630364894867,786,751,1750,1074
320,person,0.8706249594688416,965,473,1522,973
320,person,0.853874146938324,1302,94,1643,749
320,person,0.7833783626556396,100,342,496,1070
320,person,0.7603737711906433,1082,321,1323,553
320,chair,0.5890982151031494,40,576,136,781
320,chair,0.5262386202812195,796,640,1018,1046
320,dining table,0.46019673347473145,774,751,1741,1074
321,person,0.8698334693908691,961,474,1514,974
321,person,0.8651484847068787,1308,98,1640,737
321,person,0.8279194235801697,96,340,486,1067
321,person,0.760810375213623,1079,323,1325,551
321,chair,0.47095900774002075,33,576,133,782
321,dining table,0.4696074426174164,780,753,1730,1074
321,chair,0.4200729727745056,788,639,1015,1049
322,person,0.8819268941879272,956,475,1508,974
322,person,0.872147262096405,1313,100,1638,744
322,person,0.8539959192276001,88,338,482,1068
322,person,0.7526329755783081,1073,321,1332,551
322,dining table,0.4698650538921356,761,755,1728,1073
322,pizza,0.43337708711624146,482,701,615,763
323,person,0.8893648982048035,1317,103,1638,754
323,person,0.8830654621124268,950,475,1504,973
323,person,0.8774909973144531,80,339,474,1068
323,person,0.7197759747505188,1066,322,1331,549
323,dining table,0.5739986300468445,758,754,1722,1073
323,chair,0.49769994616508484,776,641,998,1046
323,chair,0.4658600687980652,1495,559,1697,796
323,dining table,0.4197344481945038,1,600,866,1022
324,person,0.8836830854415894,944,474,1493,973
324,person,0.8777449727058411,1322,107,1632,768
324,person,0.8510544300079346,72,338,466,1069
324,person,0.7462462782859802,1056,319,1337,554
324,bottle,0.6034553050994873,576,370,601,434
324,dining table,0.5085451602935791,753,759,1713,1073
324,chair,0.4815337061882019,771,637,992,1043
324,chair,0.42949599027633667,1513,565,1689,792
324,dining table,0.4064472019672394,2,605,863,1061
325,person,0.8724011182785034,939,474,1482,969
325,person,0.8678664565086365,1323,112,1631,770
325,person,0.8475795388221741,60,338,461,1068
325,person,0.7455235123634338,1053,321,1337,553
325,bottle,0.540885865688324,567,370,592,434
325,dining table,0.5092595815658569,745,760,1708,1073
325,chair,0.49985602498054504,759,638,986,1049
325,pizza,0.4957619905471802,443,700,595,765
326,person,0.8831562995910645,928,473,1472,968
326,person,0.878564715385437,1324,117,1627,770
326,person,0.7944048643112183,21,340,456,1067
326,person,0.7177110910415649,1043,323,1331,551
326,dining table,0.5723178386688232,739,754,1697,1072
326,pizza,0.5364058613777161,434,700,589,767
326,chair,0.4730730652809143,754,639,980,1048
326,chair,0.45334765315055847,1710,528,1919,1060
326,dining table,0.4230209290981293,2,603,859,1031
327,person,0.8707996606826782,923,473,1461,967
327,person,0.8498340845108032,1321,122,1602,771
327,person,0.7523123025894165,15,340,450,1070
327,person,0.7336649298667908,1035,320,1328,551
327,dining table,0.6347973942756653,728,755,1688,1070
327,chair,0.6036356687545776,1702,527,1919,1059
327,chair,0.5641909241676331,749,639,973,1047
327,pizza,0.44771137833595276,429,699,582,766
327,chair,0.4213470220565796,1483,552,1602,778
328,person,0.8851234316825867,917,469,1458,973
328,person,0.8300313949584961,1317,129,1621,779
328,person,0.8299834728240967,7,338,449,1068
328,person,0.7471529245376587,1029,323,1318,549
328,dining table,0.6341651678085327,725,754,1678,1071
328,chair,0.6094008684158325,1696,527,1919,1066
328,chair,0.4981992244720459,740,639,966,1050
328,chair,0.4319671094417572,1492,562,1649,789
328,chair,0.42651352286338806,1484,555,1598,778
329,person,0.8811730742454529,912,469,1451,973
329,person,0.8062930703163147,7,336,433,1068
329,person,0.8004330396652222,1314,136,1621,783
329,person,0.6907925605773926,1023,319,1314,551
329,dining table,0.6648502945899963,723,754,1670,1072
329,chair,0.538136899471283,1694,526,1919,1060
329,chair,0.500339686870575,1487,529,1637,789
329,dining table,0.4525236487388611,4,601,830,1058
330,person,0.8665522336959839,906,469,1446,974
330,person,0.8392550945281982,9,339,424,1068
330,person,0.7311671376228333,1310,147,1620,791
330,person,0.7196508049964905,1014,318,1305,551
330,dining table,0.6307493448257446,718,754,1662,1072
330,chair,0.612628161907196,1686,526,1919,1046
330,chair,0.5522997975349426,1481,538,1629,787
330,chair,0.47788599133491516,726,637,948,1049
330,dining table,0.4355630576610565,5,599,821,965
330,bottle,0.4327472448348999,530,371,554,435
330,pizza,0.4213082492351532,429,703,558,765
331,person,0.8313915133476257,898,472,1445,971
331,person,0.8294905424118042,6,340,417,1066
331,person,0.775791585445404,1300,153,1622,780
331,chair,0.7535435557365417,1670,525,1919,1049
331,person,0.7298233509063721,1007,321,1298,552
331,dining table,0.581953227519989,724,755,1657,1073
331,bottle,0.5673149824142456,521,370,546,434
331,chair,0.534273087978363,1483,538,1620,787
331,dining table,0.5302978157997131,3,603,817,1060
331,chair,0.4958782196044922,723,634,944,1047
331,chair,0.41341662406921387,1827,525,1919,656
331,dining table,0.4084685742855072,389,418,863,633
332,person,0.8307695984840393,893,473,1438,970
332,person,0.8248372673988342,1,341,412,1065
332,person,0.7326776385307312,1001,320,1289,553
332,person,0.6819502115249634,1302,162,1616,799
332,chair,0.6603949666023254,1490,559,1600,783
332,dining table,0.6440944671630859,716,756,1649,1074
332,chair,0.5322986245155334,1665,520,1919,1052
332,dining table,0.46605345606803894,1,601,811,1036
332,chair,0.4260315001010895,989,454,1046,550
333,person,0.8533872365951538,1291,165,1622,779
333,person,0.8338416814804077,0,341,403,1069
333,person,0.7714331746101379,882,468,1422,971
333,person,0.6811776757240295,991,321,1282,551
333,dining table,0.6266556978225708,711,755,1638,1073
333,chair,0.5972091555595398,1485,566,1595,786
333,dining table,0.5281386375427246,2,600,807,1060
333,chair,0.5196848511695862,1658,520,1919,1053
333,pizza,0.46451881527900696,377,701,539,769
334,person,0.797269880771637,0,341,396,1068
334,person,0.7632957696914673,1279,171,1620,857
334,person,0.7363478541374207,873,467,1418,970
334,person,0.7343214154243469,987,320,1274,553
334,dining table,0.6289387941360474,707,749,1631,1073
334,chair,0.5519185066223145,1481,578,1589,786
334,chair,0.5516898036003113,1647,523,1919,1049
334,dining table,0.5043680667877197,0,603,784,1021
334,pizza,0.43492892384529114,374,702,533,770
334,bottle,0.42961835861206055,499,369,527,433
335,person,0.8363128900527954,0,340,392,1069
335,person,0.7761241793632507,1273,176,1618,794
335,person,0.7580177783966064,869,467,1419,973
335,person,0.7237484455108643,980,320,1264,552
335,dining table,0.606752336025238,693,753,1630,1073
335,chair,0.5622837543487549,1646,520,1919,1052
335,pizza,0.5253532528877258,369,703,526,769
335,dining table,0.5096262693405151,0,603,780,1033
335,chair,0.4161144196987152,700,636,920,1050
336,person,0.8355693817138672,0,341,381,1070
336,person,0.7129207849502563,1263,182,1617,833
336,person,0.7109069228172302,977,321,1258,550
336,person,0.6776536107063293,865,469,1405,975
336,bottle,0.5339515805244446,485,371,512,432
336,dining table,0.522005558013916,689,758,1622,1073
336,dining table,0.4698806405067444,0,602,781,1003
336,pizza,0.469442754983902,359,703,520,769
336,chair,0.40837979316711426,963,453,1022,548
337,person,0.8424858450889587,861,470,1405,971
337,person,0.8030363917350769,1255,186,1613,780
337,person,0.8029313087463379,0,342,376,1069
337,person,0.7031093835830688,969,317,1253,550
337,dining table,0.6789705753326416,679,756,1616,1072
337,bottle,0.6564860939979553,479,370,505,435
337,dining table,0.5004746913909912,0,603,778,1025
337,pizza,0.4513217806816101,354,703,512,769
337,chair,0.4261307120323181,1633,507,1919,1046
338,person,0.7991282343864441,1242,188,1609,789
338,person,0.7583683133125305,855,472,1400,971
338,person,0.7290328741073608,959,318,1250,556
338,person,0.7115451693534851,0,343,368,1072
338,dining table,0.6303556561470032,676,753,1611,1071
338,bottle,0.5781341791152954,471,371,497,435
338,pizza,0.45909321308135986,351,705,508,771
338,dining table,0.441169798374176,0,602,768,987
338,dining table,0.4170524477958679,338,419,817,632
339,person,0.7763573527336121,850,471,1394,971
339,person,0.7244040369987488,955,319,1242,553
339,person,0.7097939848899841,0,342,364,1070
339,person,0.7086759209632874,1231,191,1608,780
339,dining table,0.6532548069953918,669,755,1599,1071
339,pizza,0.5000806450843811,345,704,499,772
339,dining table,0.41437017917633057,3,605,762,1052
340,person,0.8356536626815796,0,338,348,1071
340,person,0.7381130456924438,842,469,1385,967
340,person,0.723326563835144,950,321,1236,550
340,person,0.6897328495979309,1223,192,1603,851
340,dining table,0.6272665858268738,662,753,1589,1072
340,pizza,0.47599196434020996,337,704,494,774
341,person,0.8498683571815491,0,339,346,1071
341,person,0.7253440618515015,837,468,1383,967
341,person,0.7248738408088684,1212,192,1599,902
341,person,0.6845922470092773,943,318,1233,550
341,dining table,0.6391969323158264,659,751,1581,1073
341,dining table,0.526994526386261,0,602,755,921
341,bottle,0.44080740213394165,452,369,480,436
341,dining table,0.4316197633743286,0,605,754,1057
341,pizza,0.40863627195358276,343,705,488,776
341,dining table,0.4069467782974243,316,415,793,635
342,person,0.8247907757759094,0,338,341,1070
342,person,0.719933271408081,935,320,1226,551
342,person,0.6843515634536743,822,468,1320,968
342,dining table,0.6774950623512268,654,748,1578,1073
342,person,0.661057710647583,1200,193,1595,868
342,dining table,0.5520413517951965,0,602,743,917
342,pizza,0.42861488461494446,334,704,481,777
342,dining table,0.4024111330509186,313,413,793,638
343,person,0.7834429740905762,1188,193,1588,907
343,person,0.7686863541603088,0,341,336,1070
343,person,0.7609614729881287,823,467,1355,974
343,person,0.7385701537132263,931,318,1218,550
343,dining table,0.626082181930542,653,744,1571,1074
343,bottle,0.4976681172847748,438,371,465,433
343,dining table,0.41544997692108154,0,603,736,974
344,person,0.8347249627113342,0,341,327,1069
344,person,0.7518816590309143,811,466,1240,980
344,person,0.7222944498062134,1182,195,1584,939
344,person,0.7072952389717102,928,319,1210,548
344,dining table,0.6197525858879089,647,745,1565,1073
344,bottle,0.6087561249732971,432,371,458,436
344,person,0.5106430649757385,1772,342,1919,997
344,dining table,0.45040270686149597,0,600,733,899
344,dining table,0.4202137291431427,297,418,779,639
345,person,0.7832576036453247,0,343,324,1069
345,person,0.7775782942771912,815,466,1267,977
345,person,0.770061194896698,1177,195,1577,920
345,person,0.7457150220870972,919,312,1204,550
345,dining table,0.6279482841491699,644,740,1561,1073
345,bottle,0.5942159295082092,425,370,451,435
345,person,0.5548239350318909,1759,360,1919,1004
345,dining table,0.498930960893631,0,602,728,1015
345,chair,0.4365490674972534,1579,513,1917,1060
345,dining table,0.41101840138435364,289,417,776,634
346,person,0.8669825792312622,0,339,315,1070
346,person,0.7604977488517761,809,463,1231,972
346,person,0.736526608467102,1178,197,1575,935
346,person,0.7341684699058533,913,318,1199,551
346,dining table,0.6677426099777222,644,741,1553,1072
346,person,0.6348719000816345,1755,360,1919,995
346,dining table,0.45839187502861023,0,604,722,944
347,person,0.8591334223747253,0,341,309,1066
347,person,0.7623744010925293,908,316,1193,551
347,person,0.7439335584640503,805,466,1344,974
347,person,0.6397584080696106,1169,197,1568,908
347,dining table,0.6107369065284729,641,739,1541,1072
347,person,0.5960694551467896,1749,360,1919,987
347,bottle,0.5232445001602173,413,371,438,435
347,dining table,0.4915458858013153,0,603,717,1010
348,person,0.8707879185676575,0,342,302,1066
348,person,0.7402254343032837,802,462,1313,970
348,person,0.7229711413383484,902,318,1187,551
348,bottle,0.6429060697555542,407,369,433,437
348,person,0.6255014538764954,1162,199,1563,882
348,dining table,0.6188552379608154,638,739,1536,1072
348,person,0.5084304809570312,1740,357,1919,990
348,dining table,0.4486669898033142,0,602,711,947
348,dining table,0.4327387511730194,1560,567,1919,1044
348,chair,0.4222734868526459,614,640,841,1056
348,dining table,0.4181616008281708,271,420,756,639
349,person,0.8465361595153809,0,342,294,1066
349,person,0.7447344064712524,794,463,1288,974
349,person,0.7193673253059387,1743,354,1919,991
349,person,0.6896732449531555,1154,199,1557,833
349,dining table,0.6836035251617432,636,741,1534,1071
349,person,0.6740545034408569,896,315,1181,546
349,dining table,0.5387727618217468,0,603,710,1044
349,bottle,0.5190489888191223,398,370,425,434
349,dining table,0.45113325119018555,264,419,748,638
349,dining table,0.42803773283958435,1554,523,1918,1041
350,person,0.8195541501045227,0,345,288,1066
350,person,0.7841044068336487,1145,200,1550,872
350,person,0.7742262482643127,1738,351,1919,990
350,person,0.7457908987998962,790,468,1316,970
350,person,0.7264556884765625,890,318,1175,550
350,dining table,0.6523911356925964,633,743,1530,1071
350,dining table,0.49518170952796936,0,606,702,1013
350,dining table,0.4520095884799957,252,420,746,644
351,person,0.8609402179718018,0,344,283,1066
351,person,0.8085954785346985,1137,200,1546,872
351,person,0.7963955402374268,783,465,1320,972
351,person,0.7811452746391296,1735,351,1919,989
351,person,0.7511109113693237,884,317,1167,549
351,bottle,0.6583564281463623,387,371,413,437
351,dining table,0.5348911881446838,627,741,1522,1073
351,dining table,0.40486255288124084,0,608,694,967
352,person,0.8403923511505127,1132,199,1541,876
352,person,0.8219821453094482,0,345,276,1065
352,person,0.7771614193916321,775,464,1308,977
352,person,0.7527951598167419,1734,350,1919,988
352,person,0.7141171097755432,882,318,1161,548
352,bottle,0.655533492565155,382,370,408,436
352,dining table,0.4956376552581787,626,731,1522,1071
352,person,0.4861524999141693,0,345,277,762
352,dining table,0.41849440336227417,0,606,687,990
353,person,0.8480176329612732,1128,199,1536,886
353,person,0.8084131479263306,0,347,267,1066
353,person,0.7524210214614868,875,314,1155,547
353,person,0.750879168510437,1727,349,1919,985
353,person,0.7359780073165894,774,464,1302,968
353,dining table,0.6321894526481628,620,734,1518,1071
353,person,0.5154995322227478,0,345,269,763
353,bottle,0.4827421307563782,374,372,400,440
353,chair,0.4497664272785187,1663,509,1779,641
353,dining table,0.4432564079761505,0,608,686,1014
353,dining table,0.4406871795654297,1534,535,1919,1063
354,person,0.8273209929466248,0,346,264,1065
354,person,0.7824137806892395,767,463,1299,975
354,person,0.7449042797088623,1721,349,1919,981
354,person,0.7212964296340942,869,315,1148,550
354,person,0.7186093330383301,1128,198,1530,886
354,dining table,0.558851957321167,609,729,1510,1070
354,person,0.48065584897994995,0,344,267,764
354,dining table,0.44503793120384216,1522,517,1919,1063
354,dining table,0.43303751945495605,0,608,687,1050
355,person,0.8002370595932007,0,346,260,1065
355,person,0.7982584238052368,764,462,1299,973
355,person,0.7550079822540283,864,314,1143,549
355,person,0.7275866270065308,1713,347,1919,976
355,dining table,0.6458369493484497,600,732,1501,1071
355,person,0.5572730302810669,1131,196,1531,987
355,person,0.5370099544525146,0,343,261,762
355,dining table,0.503853976726532,1517,558,1919,1068
355,dining table,0.44616127014160156,0,607,677,937
356,person,0.806803286075592,753,460,1291,977
356,person,0.7896314859390259,0,346,254,1067
356,person,0.7666158676147461,859,316,1136,549
356,person,0.707983136177063,1703,345,1919,972
356,dining table,0.604489803314209,596,732,1492,1071
356,dining table,0.5842058062553406,1514,618,1919,1068
356,bottle,0.49235230684280396,356,370,383,437
356,person,0.4821208715438843,0,343,258,765
356,person,0.46227049827575684,1134,195,1530,1049
357,person,0.8548983335494995,753,461,1290,971
357,person,0.8019015789031982,0,347,244,1067
357,person,0.7335296273231506,855,315,1135,549
357,person,0.7147939801216125,1694,338,1918,970
357,dining table,0.5749313831329346,1511,603,1919,1060
357,person,0.5651302933692932,0,344,247,764
357,dining table,0.49334919452667236,591,735,1487,1071
357,chair,0.47633856534957886,1638,507,1755,635
357,person,0.4734894931316376,1122,195,1522,875
357,dining table,0.4424400329589844,0,606,664,920
357,dining table,0.41336822509765625,206,410,705,648
358,person,0.8502272963523865,749,461,1228,973
358,person,0.8200371861457825,0,346,239,1066
358,person,0.7507939338684082,849,316,1125,544
358,person,0.7439353466033936,1692,339,1919,967
358,dining table,0.5719356536865234,1506,608,1919,1063
358,person,0.536394476890564,0,344,243,763
358,dining table,0.5246696472167969,586,743,1484,1071
358,chair,0.46083179116249084,1633,508,1744,634
358,bottle,0.4578282833099365,344,371,371,436
358,dining table,0.4512521028518677,1,607,662,909
358,dining table,0.43255677819252014,202,416,700,647
359,person,0.8182880282402039,741,459,1345,972
359,person,0.7592628598213196,843,316,1121,546
359,person,0.7575220465660095,1682,340,1919,968
359,person,0.7564713358879089,0,346,237,1080
359,person,0.6020357012748718,0,344,238,761
359,person,0.6005882024765015,1119,192,1516,984
359,bottle,0.5618345141410828,338,372,365,438
359,dining table,0.5202776789665222,1503,581,1918,1054
359,dining table,0.4469083845615387,0,608,658,921
359,chair,0.4445190131664276,1627,507,1737,632
359,dining table,0.4122546911239624,197,419,693,646
359,dining table,0.411374568939209,0,610,659,1062
360,person,0.8218624591827393,737,458,1225,973
360,person,0.8014498949050903,0,343,233,1073
360,person,0.7734829783439636,838,315,1115,545
360,person,0.755192756652832,1682,339,1919,966
360,bottle,0.6378066539764404,333,370,359,436
360,person,0.4976898431777954,1121,185,1516,1022
360,person,0.4851566553115845,0,345,234,762
360,chair,0.4817362427711487,1622,505,1728,633
360,dining table,0.47571974992752075,192,417,691,642
360,dining table,0.44255331158638,1495,613,1919,1028
360,dining table,0.40873900055885315,580,841,1369,1072
361,person,0.8665104508399963,731,458,1274,974
361,person,0.7913856506347656,1666,337,1919,965
361,person,0.752976655960083,834,317,1109,549
361,person,0.7491471171379089,1137,183,1514,918
361,person,0.7379431128501892,0,344,226,1073
361,chair,0.5364794135093689,1614,506,1727,631
361,bottle,0.5269156694412231,326,371,352,439
361,chair,0.5194401144981384,819,450,882,548
361,person,0.4945007562637329,0,346,224,763
361,dining table,0.4513793885707855,183,420,684,648
362,person,0.8688993453979492,731,459,1271,977
362,person,0.8448405861854553,1667,339,1918,963
362,person,0.741766631603241,832,316,1101,547
362,person,0.6227476596832275,0,347,221,763
362,person,0.581851601600647,1139,172,1546,928
362,chair,0.5521826148033142,1610,505,1718,632
362,person,0.5384271144866943,0,347,223,1080
362,dining table,0.4676516354084015,182,419,680,648
362,chair,0.4328819513320923,816,451,877,545
362,dining table,0.4010159969329834,0,606,640,955
363,person,0.885015070438385,723,451,1264,969
363,person,0.8363357186317444,1652,338,1918,962
363,person,0.7504495978355408,825,316,1090,548
363,person,0.7075077295303345,1140,170,1570,1044
363,dining table,0.6199550628662109,571,741,1387,1071
363,chair,0.60154789686203,1603,504,1715,630
363,person,0.523273229598999,0,347,216,1076
363,person,0.4471321105957031,0,346,216,764
363,bottle,0.42653346061706543,316,372,343,438
364,person,0.8844960331916809,717,448,1261,972
364,person,0.8203191161155701,1650,340,1918,962
364,person,0.745479941368103,818,315,1087,550
364,dining table,0.6793286204338074,568,728,1425,1071
364,bottle,0.6534329056739807,310,370,337,440
364,person,0.5935249328613281,0,346,209,766
364,chair,0.5894423127174377,1598,504,1707,630
364,person,0.5073781609535217,1140,166,1575,1021
364,person,0.4705093801021576,0,348,211,1078
365,person,0.898439347743988,721,447,1255,978
365,person,0.8056215643882751,1640,341,1918,957
365,person,0.7216746807098389,0,346,202,763
365,person,0.708215594291687,813,314,1067,552
365,dining table,0.6702691316604614,566,727,1436,1071
365,chair,0.6303402185440063,1591,504,1705,630
365,person,0.5538142323493958,1147,163,1519,756
365,person,0.5214803218841553,0,349,199,1071
365,dining table,0.47114306688308716,1,609,625,1063
365,dining table,0.46860313415527344,160,421,663,652
365,bottle,0.4623383581638336,303,371,331,440
365,person,0.42056044936180115,1144,160,1610,1057
366,person,0.8884209990501404,710,446,1249,970
366,person,0.8154335021972656,1145,161,1517,760
366,person,0.8038333058357239,1642,345,1919,961
366,person,0.736833930015564,0,346,198,765
366,person,0.72841876745224,810,315,1059,551
366,chair,0.6496986746788025,1587,504,1696,629
366,dining table,0.621046245098114,564,729,1438,1072
366,person,0.6124658584594727,0,349,194,1071
366,dining table,0.5017305612564087,0,609,622,1066
366,bottle,0.48266100883483887,299,371,326,440
366,dining table,0.4797263443470001,156,422,659,654
366,chair,0.47598546743392944,795,450,857,546
367,person,0.8816709518432617,708,444,1243,981
367,person,0.8155713677406311,1632,345,1918,962
367,person,0.7567079067230225,1140,160,1518,759
367,person,0.7495774030685425,804,315,1044,549
367,dining table,0.6645091772079468,561,727,1434,1071
367,chair,0.6435595154762268,1581,504,1691,629
367,bottle,0.6052415370941162,293,372,320,439
367,chair,0.5124120116233826,791,450,855,546
367,person,0.45660996437072754,1141,159,1527,1048
367,dining table,0.4213201105594635,0,607,615,1065
368,person,0.8804059028625488,705,441,1238,978
368,person,0.810385525226593,1631,344,1916,959
368,person,0.7703341245651245,800,316,1039,547
368,person,0.7490066885948181,1136,159,1520,755
368,dining table,0.6741449236869812,556,728,1431,1071
368,bottle,0.6347914934158325,288,371,316,439
368,chair,0.6066697239875793,1577,504,1682,629
368,person,0.5934555530548096,0,349,325,1069
368,person,0.49166959524154663,1130,160,1521,1004
368,dining table,0.406150221824646,0,608,614,1065
369,person,0.8666255474090576,699,433,1239,983
369,person,0.8159557580947876,1620,346,1917,958
369,person,0.8091630339622498,794,316,1036,549
369,dining table,0.7187867760658264,550,724,1428,1071
369,person,0.7129555344581604,0,350,329,1069
369,bottle,0.712044894695282,282,371,310,440
369,person,0.6906435489654541,1133,157,1525,754
369,chair,0.5587881207466125,1571,503,1678,626
369,person,0.4352770149707794,1134,157,1540,1049
370,person,0.8815398216247559,699,434,1235,981
370,person,0.8091896176338196,1617,347,1917,955
370,person,0.8020802140235901,788,315,1028,550
370,dining table,0.7388556003570557,550,724,1424,1071
370,person,0.730414867401123,1130,156,1505,753
370,chair,0.587477445602417,1566,503,1674,628
370,bottle,0.5009982585906982,277,372,304,441
370,chair,0.45633846521377563,510,644,734,1065
370,person,0.45476973056793213,1131,156,1519,1052
370,dining table,0.4092465043067932,0,610,599,1066
371,person,0.865813672542572,691,429,1244,987
371,person,0.8049222826957703,1612,348,1917,955
371,person,0.7701195478439331,785,314,1025,551
371,person,0.6957308650016785,1127,153,1473,753
371,dining table,0.6838054060935974,545,725,1420,1071
371,bottle,0.5862058997154236,272,371,299,437
371,chair,0.5824437737464905,771,450,833,549
371,person,0.5753362774848938,0,351,310,1067
371,chair,0.495147705078125,1561,503,1671,629
371,person,0.4685201644897461,1128,153,1480,1054
372,person,0.8637270927429199,680,426,1250,988
372,person,0.8007616996765137,1598,348,1917,956
372,person,0.78343665599823,781,314,1015,550
372,person,0.7248754501342773,1122,150,1469,755
372,dining table,0.6551103591918945,549,725,1415,1071
372,person,0.5006147623062134,1123,149,1471,1062
372,chair,0.43997448682785034,768,450,831,548
373,person,0.8612712621688843,669,423,1256,991
373,person,0.8045734167098999,1599,348,1917,949
373,person,0.781205952167511,775,315,1002,550
373,person,0.7391313314437866,1117,147,1467,758
373,dining table,0.6827466487884521,547,725,1412,1071
373,person,0.5592353940010071,0,362,160,767
373,person,0.5135014653205872,1119,146,1470,1054
373,person,0.5100008249282837,0,358,159,1066
373,bottle,0.49058207869529724,262,373,288,444
374,person,0.8629313111305237,670,417,1255,988
374,person,0.7803154587745667,1605,351,1917,947
374,person,0.7715580463409424,1113,145,1464,756
374,person,0.7434988617897034,774,317,992,550
374,dining table,0.6337264776229858,544,727,1406,1071
374,person,0.5730878114700317,0,394,155,767
374,bottle,0.553115963935852,254,372,283,444
374,person,0.49077218770980835,1115,144,1469,1056
375,person,0.8662911057472229,664,413,1250,990
375,person,0.7703405618667603,1607,350,1916,947
375,person,0.7097128033638,768,317,980,552
375,person,0.6495319604873657,1112,141,1466,753
375,dining table,0.6402405500411987,538,724,1401,1071
375,person,0.6205039024353027,0,402,150,768
375,person,0.5378232598304749,1112,140,1472,1053
375,chair,0.4425671100616455,1543,501,1648,628
376,person,0.8611934185028076,658,410,1248,994
376,person,0.77105712890625,1591,351,1913,946
376,person,0.7274630665779114,762,316,970,553
376,person,0.7150388360023499,1110,137,1470,754
376,dining table,0.6048117876052856,536,725,1397,1071
376,person,0.5710360407829285,0,513,146,766
376,chair,0.5554307699203491,1538,500,1646,627
376,person,0.5125409364700317,1110,137,1475,1053
376,bottle,0.4862369894981384,246,373,274,440
376,dining table,0.44082728028297424,96,425,613,654
377,person,0.8629847764968872,661,401,1249,992
377,person,0.7660983204841614,1582,352,1910,942
377,person,0.7564741969108582,758,316,968,552
377,person,0.6661006808280945,1108,135,1474,753
377,dining table,0.6239776015281677,532,723,1394,1072
377,bottle,0.5848730802536011,241,374,269,442
377,person,0.5488359332084656,1108,135,1479,1059
377,person,0.5131743550300598,0,508,141,764
377,chair,0.4255913496017456,746,451,808,554
377,chair,0.411532998085022,1531,500,1639,626
378,person,0.8695235252380371,661,395,1248,989
378,person,0.7950839400291443,1574,353,1899,944
378,person,0.7475242018699646,755,316,964,551
378,bottle,0.6086911559104919,237,372,264,442
378,dining table,0.5762829184532166,530,725,1388,1071
378,person,0.5638877749443054,1106,133,1478,753
378,person,0.5612539052963257,0,509,138,765
378,person,0.5221981406211853,1106,134,1483,1057
378,chair,0.4132036566734314,744,451,806,550
378,person,0.40822434425354004,0,498,138,1064
379,person,0.8605523109436035,654,395,1248,991
379,person,0.8003481030464172,1570,353,1894,943
379,person,0.685467541217804,754,315,962,549
379,dining table,0.6156297326087952,524,730,1385,1072
379,bottle,0.591610848903656,231,372,260,442
379,person,0.5800771713256836,0,511,131,763
379,person,0.49567970633506775,1103,131,1482,758
379,person,0.4862944781780243,1104,131,1487,1057
379,dining table,0.4274739623069763,86,424,601,651
380,person,0.8489440679550171,649,396,1247,990
380,person,0.800596296787262,1561,355,1893,942
380,dining table,0.6844810247421265,519,734,1381,1072
380,person,0.5365140438079834,1102,130,1492,1055
380,person,0.5266268849372864,0,511,124,768
380,bottle,0.45815303921699524,228,373,255,446
380,person,0.4122293293476105,752,316,967,550
380,person,0.4034219980239868,1102,129,1487,760
381,person,0.8606957793235779,652,386,1235,987
381,person,0.7705435156822205,1566,353,1887,942
381,dining table,0.7062457203865051,525,738,1372,1071
381,bottle,0.5847965478897095,223,373,253,444
381,person,0.5659196972846985,1101,128,1502,1050
381,person,0.4806317389011383,0,519,125,770
381,dining table,0.42583340406417847,76,426,593,650
381,person,0.4243795871734619,1100,126,1497,766
382,person,0.8638984560966492,646,387,1240,983
382,person,0.7795107960700989,1554,351,1887,942
382,dining table,0.6825261116027832,519,735,1372,1070
382,person,0.6386497616767883,1099,123,1509,1059
382,person,0.5429797172546387,0,525,117,772
382,person,0.40417665243148804,851,316,945,397
383,person,0.8484188318252563,640,383,1226,991
383,person,0.8124340772628784,1100,124,1506,1065
383,person,0.7832335829734802,1556,351,1878,936
383,dining table,0.635779082775116,514,731,1368,1071
383,person,0.618401825428009,0,523,114,773
384,person,0.8693614602088928,1101,121,1512,1065
384,person,0.849063515663147,643,382,1224,983
384,person,0.740291953086853,1562,351,1879,940
384,person,0.6595600843429565,0,526,111,777
384,dining table,0.6394186019897461,509,730,1368,1071
384,bottle,0.4986744523048401,211,374,240,445
384,chair,0.4047536551952362,720,452,786,552
385,person,0.8604574203491211,1106,121,1504,1065
385,person,0.8421124219894409,639,384,1218,981
385,person,0.7422592043876648,1557,351,1869,935
385,dining table,0.6293373703956604,513,726,1357,1071
385,person,0.5806851387023926,0,523,105,779
385,person,0.5256132483482361,840,316,1055,550
385,bottle,0.4758787453174591,206,373,235,446
386,person,0.8808779716491699,1112,119,1497,1064
386,person,0.8537798523902893,633,377,1210,980
386,person,0.7196094393730164,1548,351,1867,935
386,dining table,0.6189693808555603,501,721,1352,1072
386,person,0.5469670295715332,838,316,1054,547
386,bench,0.4450331926345825,53,426,578,660
387,person,0.8866829872131348,1113,117,1495,1065
387,person,0.8477040529251099,629,372,1204,984
387,person,0.7024833559989929,1539,351,1867,936
387,dining table,0.6192432045936584,510,726,1349,1071
387,person,0.5122920274734497,835,315,1053,548
387,person,0.4897477924823761,0,539,101,780
387,bench,0.4843369722366333,48,425,574,659
387,bottle,0.44574254751205444,200,374,229,445
388,person,0.8916775584220886,1121,114,1498,1065
388,person,0.8447539806365967,625,369,1204,990
388,person,0.6856204271316528,1556,351,1863,943
388,person,0.682081401348114,830,310,1047,553
388,dining table,0.6132133603096008,510,726,1347,1070
388,bottle,0.57000333070755,196,375,225,442
388,person,0.48431387543678284,0,539,98,782
388,bench,0.4411660432815552,48,425,570,660
389,person,0.8903747797012329,1129,111,1502,1064
389,person,0.8370749950408936,618,367,1194,991
389,person,0.7247627377510071,1558,353,1856,942
389,dining table,0.6492783427238464,492,718,1344,1071
389,person,0.5789018869400024,828,311,1043,554
389,person,0.5662347674369812,0,550,92,783
389,bench,0.4615679979324341,42,426,567,657
389,bottle,0.45251649618148804,193,377,221,444
390,person,0.8457488417625427,623,368,1186,986
390,person,0.7987315654754639,1132,111,1500,1065
390,person,0.7281416058540344,1561,353,1848,942
390,dining table,0.7000423669815063,490,719,1341,1071
390,bottle,0.6869460940361023,190,376,218,444
390,tie,0.6228322386741638,1340,323,1384,446
390,bench,0.6170478463172913,36,428,564,656
390,person,0.574822723865509,0,555,88,789
391,person,0.8684489130973816,618,368,1174,993
391,person,0.8611613512039185,1139,109,1515,1064
391,bottle,0.7157479524612427,187,375,215,446
391,person,0.6858693361282349,1561,353,1849,941
391,dining table,0.6802544593811035,491,721,1341,1071
391,bench,0.5644335746765137,35,428,561,657
391,person,0.4836702346801758,824,312,1034,557
391,person,0.4340861141681671,0,566,86,782
392,person,0.9013140201568604,1148,105,1527,1064
392,person,0.8727157115936279,618,366,1168,992
392,dining table,0.7202936410903931,491,722,1339,1071
392,bottle,0.7192835211753845,183,375,212,446
392,person,0.5462491512298584,820,312,1036,552
392,person,0.5431694984436035,1566,351,1851,941
392,chair,0.46183985471725464,1064,611,1161,733
392,bench,0.45773908495903015,33,426,557,661
393,person,0.9043629765510559,1158,104,1558,1065
393,person,0.8800386786460876,619,365,1164,989
393,dining table,0.7614693641662598,488,725,1339,1071
393,person,0.7283502817153931,818,314,1033,552
393,bottle,0.4638139605522156,181,374,209,448
393,chair,0.45529627799987793,1061,612,1168,735
393,bench,0.4391762614250183,31,425,554,659
393,pizza,0.43775343894958496,923,806,1078,863
393,person,0.42884111404418945,1548,354,1827,945
394,person,0.8912801742553711,1169,103,1563,1065
394,person,0.875662088394165,614,365,1163,989
394,dining table,0.7588989734649658,487,722,1336,1071
394,person,0.6683794856071472,816,315,1031,554
394,person,0.6133388876914978,1553,352,1832,943
394,remote,0.5533357858657837,1489,410,1564,470
394,bench,0.43204396963119507,28,426,553,658
394,chair,0.41681957244873047,1058,612,1177,735
395,person,0.9022505879402161,1173,102,1570,1066
395,person,0.8833903074264526,612,363,1158,987
395,dining table,0.7588616013526917,486,724,1334,1070
395,person,0.6695756912231445,816,315,1030,550
395,person,0.5752772092819214,1529,352,1832,942
395,remote,0.5714453458786011,1498,402,1567,465
395,bench,0.41471225023269653,25,425,550,660
396,person,0.8936659097671509,1184,101,1594,1068
396,person,0.8780289888381958,609,364,1158,986
396,dining table,0.7765279412269592,484,726,1333,1070
396,person,0.720875084400177,810,314,1027,550
396,person,0.5936362147331238,1531,352,1821,942
396,chair,0.47192588448524475,1412,631,1615,1064
396,person,0.4505699574947357,1438,345,1802,937
396,bench,0.40758460760116577,24,425,548,665
397,person,0.869796872138977,1196,100,1621,1067
397,person,0.8674825429916382,606,363,1157,988
397,dining table,0.749220609664917,483,725,1329,1070
397,person,0.6491374969482422,810,312,1027,554
397,chair,0.47538891434669495,1424,624,1612,1065
397,person,0.4646660089492798,1597,352,1814,944
398,person,0.8960604667663574,1201,100,1634,1068
398,person,0.8648487329483032,604,363,1155,988
398,dining table,0.7348564267158508,484,725,1330,1070
398,person,0.6340431571006775,805,315,1023,553
398,person,0.5242953896522522,1491,351,1812,941
399,person,0.8956716656684875,1210,98,1647,1070
399,person,0.8706129193305969,604,362,1159,990
399,dining table,0.7219257950782776,482,722,1332,1070
399,person,0.6979743242263794,805,314,1021,550
399,person,0.5305489897727966,1485,350,1791,941
400,person,0.9091209173202515,1226,97,1670,1070
400,person,0.8643720746040344,601,363,1160,994
400,dining table,0.7204043865203857,482,724,1331,1070
400,person,0.6159272789955139,804,315,1018,551
400,person,0.5695140957832336,1489,350,1805,938
400,backpack,0.5049984455108643,1049,612,1197,738
401,person,0.8802758455276489,1239,96,1658,1069
401,person,0.8739805817604065,601,363,1157,991
401,person,0.7227228283882141,802,315,1016,550
401,dining table,0.7137567400932312,480,724,1324,1070
401,person,0.6006672382354736,1490,350,1802,941
402,person,0.8715955018997192,599,361,1156,993
402,person,0.8179958462715149,1244,95,1712,1069
402,dining table,0.7443144917488098,479,726,1324,1071
402,person,0.6645230650901794,801,314,1015,552
402,person,0.507904589176178,1494,347,1796,937
402,backpack,0.4214858114719391,1044,611,1191,738
403,person,0.877005934715271,598,362,1154,991
403,person,0.8401649594306946,1256,96,1724,1066
403,dining table,0.7194880843162537,478,727,1324,1070
403,person,0.6569616794586182,800,315,1013,554
403,person,0.49868252873420715,1484,350,1796,935
403,backpack,0.430198609828949,1044,611,1175,735
404,person,0.8731663823127747,596,362,1153,991
404,person,0.8123473525047302,1270,97,1729,1067
404,dining table,0.7213786244392395,479,727,1320,1071
404,person,0.7086855173110962,798,315,1013,555
404,person,0.5429415106773376,1488,350,1798,935
404,backpack,0.42838054895401,1042,610,1176,736
405,person,0.87786465883255,593,361,1150,993
405,person,0.7809745073318481,1272,96,1735,1068
405,dining table,0.7496685981750488,482,729,1318,1071
405,person,0.6763874888420105,796,316,1012,555
405,person,0.511430561542511,1487,350,1793,931
406,person,0.8758856058120728,591,361,1145,991
406,person,0.8370972275733948,1281,95,1745,1072
406,person,0.7868812084197998,792,316,1011,553
406,dining table,0.6989785432815552,482,730,1316,1071
406,person,0.5908687710762024,1463,109,1756,1051
406,person,0.43229708075523376,1490,350,1790,930
406,dining table,0.40988555550575256,887,514,1274,750
407,person,0.8760412931442261,587,361,1136,992
407,person,0.8328208327293396,1287,94,1752,1073
407,person,0.7927367687225342,790,315,1009,553
407,dining table,0.7075868844985962,479,728,1313,1071
407,bottle,0.47109782695770264,150,377,181,448
407,tie,0.44579172134399414,1484,285,1551,439
407,person,0.441819429397583,1624,353,1817,612
407,person,0.42163336277008057,1495,348,1788,934
407,backpack,0.4162082076072693,1037,611,1158,735
408,person,0.8727574944496155,584,363,1134,995
408,person,0.8426147103309631,1288,95,1760,1064
408,person,0.8163556456565857,790,316,1009,552
408,dining table,0.6802108287811279,477,729,1314,1071
408,person,0.4307189881801605,1503,348,1786,924
408,dining table,0.40320754051208496,883,513,1272,750
409,person,0.8682092428207397,582,361,1135,994
409,person,0.855612576007843,1279,94,1768,1064
409,person,0.7880429625511169,788,314,1007,550
409,dining table,0.6973856687545776,474,731,1309,1071
409,book,0.42504429817199707,418,619,582,668
409,bottle,0.4120049476623535,145,378,174,448
409,dining table,0.40879157185554504,880,513,1272,750
410,person,0.8666128516197205,579,362,1135,998
410,person,0.8640655279159546,1280,94,1771,1063
410,dining table,0.6909920573234558,472,731,1306,1070
410,person,0.6727390289306641,788,314,1006,550
410,bottle,0.4774302542209625,143,378,172,449
410,dining table,0.4009738266468048,883,513,1271,751
411,person,0.8581618666648865,574,364,1133,1002
411,person,0.8199176788330078,1288,93,1776,1063
411,person,0.7084369659423828,785,313,1004,551
411,dining table,0.6520225405693054,471,731,1304,1071
411,bottle,0.6230273246765137,140,377,170,449
411,backpack,0.40846309065818787,1032,609,1165,737
412,person,0.8516337871551514,575,364,1137,1001
412,person,0.8161037564277649,1308,92,1782,1065
412,person,0.6184890270233154,782,311,999,550
412,dining table,0.614210844039917,466,724,1303,1071
412,bottle,0.5992231369018555,138,377,168,451
412,backpack,0.4414120018482208,1029,610,1168,737
413,person,0.86468905210495,574,364,1134,1000
413,person,0.8107375502586365,1309,92,1788,1067
413,person,0.6170559525489807,779,314,995,551
413,dining table,0.5930901765823364,476,725,1300,1070
413,bottle,0.5559306144714355,135,376,165,450
414,person,0.8618479371070862,571,366,1141,997
414,person,0.8320497274398804,1301,91,1798,1070
414,person,0.6712501049041748,779,314,993,551
414,dining table,0.5924276113510132,460,726,1298,1072
415,person,0.8644103407859802,1298,93,1794,1070
415,person,0.8536366820335388,567,363,1138,1007
415,dining table,0.6460956931114197,460,727,1298,1072
415,person,0.5514996647834778,779,312,988,549
416,person,0.8507729768753052,565,362,1138,1007
416,person,0.8497803807258606,1294,93,1799,1068
416,dining table,0.6781648397445679,460,726,1296,1072
416,person,0.4712057411670685,775,314,984,552
417,person,0.8577572107315063,567,361,1139,1000
417,person,0.8408269286155701,1292,94,1795,1071
417,dining table,0.6621956825256348,459,725,1294,1072
417,person,0.4755529761314392,771,313,983,550
417,bottle,0.4068833887577057,125,377,156,449
418,person,0.8804685473442078,1292,99,1808,1070
418,person,0.8518147468566895,562,361,1139,1000
418,dining table,0.6935005187988281,470,726,1291,1071
418,person,0.5533873438835144,769,312,983,549
418,tie,0.5419765114784241,1547,286,1603,484
418,dining table,0.4307461082935333,1549,559,1918,909
419,person,0.8719878196716309,1291,101,1811,1071
419,person,0.8468927145004272,554,361,1127,998
419,dining table,0.7007416486740112,468,728,1288,1071
419,person,0.5801903605461121,767,315,983,552
419,dining table,0.4393770694732666,1558,572,1918,909
420,person,0.8913695812225342,1291,103,1832,1072
420,person,0.8560353517532349,556,361,1125,994
420,dining table,0.7145400643348694,466,727,1286,1072
420,person,0.6332058906555176,766,314,983,554
420,dining table,0.4179898500442505,852,506,1250,752
420,dining table,0.41694176197052,1565,570,1918,909
421,person,0.9089105129241943,1291,104,1849,1071
421,person,0.8510406613349915,549,360,1116,1002
421,dining table,0.6901484727859497,464,726,1284,1072
421,person,0.5545822978019714,760,313,981,556
422,person,0.9053876996040344,1290,101,1857,1071
422,person,0.8564509153366089,551,366,1119,1004
422,dining table,0.6879866719245911,462,725,1282,1072
422,person,0.5290069580078125,756,313,979,558
423,person,0.90460205078125,1290,109,1877,1070
423,person,0.8506352305412292,549,364,1120,999
423,dining table,0.6806231141090393,460,725,1278,1072
423,person,0.5814451575279236,756,313,970,549
424,person,0.9177039861679077,1288,107,1892,1069
424,person,0.8484851717948914,542,364,1122,1004
424,dining table,0.6686344742774963,461,726,1275,1072
424,person,0.5052570104598999,754,314,969,552
425,person,0.9331482648849487,1287,105,1896,1069
425,person,0.8588016629219055,544,360,1114,994
425,dining table,0.6684181690216064,458,724,1274,1072
425,person,0.542539656162262,752,312,971,557
425,bottle,0.5005053281784058,103,374,134,451
426,person,0.9313512444496155,1279,106,1909,1070
426,person,0.8599611520767212,542,359,1110,992
426,dining table,0.6561691164970398,443,717,1272,1073
426,person,0.5375890135765076,751,316,966,554
426,bottle,0.4986380636692047,100,377,130,451
427,person,0.9341543316841125,1275,104,1916,1069
427,person,0.85017991065979,541,359,1110,995
427,dining table,0.6699146032333374,441,715,1272,1073
427,person,0.5708496570587158,750,317,966,555
427,bottle,0.4527150094509125,97,378,126,451
427,chair,0.44033050537109375,1294,497,1478,968
428,person,0.9143238067626953,1281,98,1912,1068
428,person,0.856429398059845,539,359,1106,995
428,person,0.721118688583374,747,310,965,554
428,dining table,0.6569344997406006,438,714,1269,1073
428,bottle,0.6547768115997314,94,377,124,453
428,chair,0.45510727167129517,1294,496,1493,964
429,person,0.9163872599601746,1281,94,1907,1068
429,person,0.8590646982192993,535,360,1104,994
429,person,0.7259369492530823,743,313,964,550
429,dining table,0.6689051985740662,437,715,1264,1072
429,bottle,0.6578643321990967,92,375,120,451
430,person,0.9090285301208496,1291,94,1884,1069
430,person,0.848488450050354,534,364,1098,998
430,person,0.7117372751235962,741,314,961,552
430,bottle,0.6593351364135742,88,374,116,452
430,dining table,0.6312519311904907,433,716,1263,1072
431,person,0.9156601428985596,1295,92,1886,1069
431,person,0.8522440195083618,530,364,1092,1004
431,person,0.6915234327316284,744,315,959,553
431,dining table,0.6538493037223816,433,718,1261,1072
431,bottle,0.5070571303367615,83,374,112,452
431,backpack,0.4097391664981842,981,609,1133,736
432,person,0.9235235452651978,1302,91,1910,1070
432,person,0.8651123642921448,530,361,1086,996
432,person,0.6844691038131714,738,313,956,546
432,dining table,0.6683545112609863,429,725,1259,1072
432,bottle,0.4420388638973236,81,374,110,451
433,person,0.9246159791946411,1308,92,1906,1071
433,person,0.8680251240730286,529,358,1062,1000
433,person,0.7432751655578613,735,311,953,552
433,dining table,0.6800293326377869,426,724,1256,1073
433,bottle,0.4386293292045593,77,377,108,451
433,backpack,0.43626952171325684,980,608,1120,736
434,person,0.9315625429153442,1353,89,1916,1070
434,person,0.8408780694007874,524,355,1048,999
434,dining table,0.730313241481781,423,724,1251,1072
434,person,0.7195349931716919,735,310,947,550
434,backpack,0.4526682496070862,979,609,1125,737
435,person,0.945766806602478,1377,85,1918,1069
435,person,0.848580539226532,507,354,1032,1007
435,dining table,0.6799287796020508,419,723,1250,1072
435,person,0.6351608633995056,733,310,941,545
435,backpack,0.4040900766849518,963,609,1128,739
436,person,0.946774423122406,1383,85,1917,1067
436,person,0.8606036305427551,502,354,1022,998
436,person,0.641862154006958,728,314,934,546
436,dining table,0.6136166453361511,415,724,1249,1071
436,chair,0.40153494477272034,1270,449,1574,1052
437,person,0.9464693665504456,1418,81,1916,1068
437,person,0.8732544779777527,500,356,1022,997
437,chair,0.6558177471160889,1271,443,1586,1054
437,person,0.6176223158836365,724,309,940,546
437,dining table,0.6030479669570923,414,720,1246,1071
438,person,0.9376562237739563,1440,79,1917,1068
438,person,0.8786782622337341,481,360,1002,1004
438,person,0.7180953621864319,720,312,937,544
438,dining table,0.6381489038467407,416,727,1241,1072
438,chair,0.5191928148269653,1266,449,1584,1031
439,person,0.8973705172538757,1497,76,1917,1067
439,person,0.859843909740448,468,361,997,1007
439,person,0.6995126008987427,718,314,935,541
439,dining table,0.6141202449798584,410,717,1242,1072
439,chair,0.47397658228874207,1263,444,1595,966
440,person,0.8911727070808411,1532,75,1918,1069
440,person,0.8760108351707458,450,359,994,1029
440,person,0.7794420719146729,714,313,932,540
440,dining table,0.6235743165016174,408,717,1239,1073
441,person,0.9061038494110107,1550,77,1918,1072
441,person,0.8810530304908752,444,359,996,1042
441,person,0.7712562680244446,712,313,927,543
441,dining table,0.4910382032394409,406,725,1232,1072
442,person,0.8977766036987305,1553,77,1919,1073
442,person,0.8779988288879395,444,358,987,1034
442,person,0.7317853569984436,710,310,923,541
442,person,0.5972846746444702,1412,380,1613,922
442,dining table,0.5400375723838806,408,725,1231,1073
443,person,0.8914041519165039,1549,78,1920,1070
443,person,0.8759244680404663,443,358,985,1025
443,person,0.7066078782081604,707,311,917,540
443,dining table,0.5495395660400391,404,724,1227,1072
443,person,0.48041099309921265,1395,394,1617,929
444,person,0.8984968066215515,1547,77,1919,1070
444,person,0.8770847916603088,443,355,981,1030
444,person,0.7535925507545471,704,313,915,541
444,dining table,0.48202046751976013,399,725,1226,1072
444,person,0.4196073114871979,1391,364,1623,925
445,person,0.8972911238670349,1544,78,1918,1070
445,person,0.8727861642837524,447,353,977,1021
445,person,0.7828264236450195,701,312,916,542
445,dining table,0.5042014122009277,396,718,1230,1072
445,person,0.42187467217445374,1389,362,1627,926
446,person,0.892358660697937,1540,78,1919,1071
446,person,0.8629162907600403,447,351,972,1015
446,person,0.8223034739494324,698,315,913,542
446,dining table,0.6125033497810364,396,721,1224,1073
446,person,0.5142291784286499,1405,340,1635,930
447,person,0.9011789560317993,1538,80,1919,1072
447,person,0.8523513078689575,443,351,963,1012
447,person,0.8276541829109192,694,315,911,540
447,person,0.6423540115356445,1403,336,1640,927
447,dining table,0.6065399646759033,394,718,1219,1073
447,chair,0.42087575793266296,1349,489,1446,615
448,person,0.9097180366516113,1534,81,1919,1073
448,person,0.8545605540275574,435,350,972,1028
448,person,0.8073117733001709,687,314,909,543
448,person,0.6852449774742126,1406,338,1649,924
448,dining table,0.5635968446731567,393,722,1215,1073
448,chair,0.42541953921318054,1346,489,1441,613
449,person,0.9093288779258728,1529,81,1919,1072
449,person,0.8665716648101807,431,350,973,1040
449,person,0.7769177556037903,684,308,904,542
449,person,0.7248473763465881,1406,340,1657,925
449,dining table,0.5687479972839355,391,714,1208,1073
449,chair,0.4288884103298187,1343,490,1438,613
450,person,0.9173578023910522,1527,81,1919,1073
450,person,0.8611536622047424,430,349,969,1032
450,person,0.811428964138031,1395,344,1657,927
450,person,0.7180018424987793,682,310,898,540
450,dining table,0.5693461298942566,388,715,1203,1074
450,backpack,0.4271123707294464,932,609,1080,739
451,person,0.9185810685157776,1524,83,1919,1071
451,person,0.8662485480308533,423,349,968,1037
451,person,0.8023162484169006,1383,344,1656,920
451,person,0.6619004011154175,678,310,891,539
451,dining table,0.5205553770065308,384,714,1200,1074
451,chair,0.4933735132217407,1335,491,1429,614
451,backpack,0.46599575877189636,929,609,1082,739
452,person,0.9180718660354614,1521,86,1919,1073
452,person,0.8447188138961792,417,347,968,1036
452,person,0.7467448115348816,1398,345,1668,917
452,person,0.632226824760437,675,313,887,537
452,dining table,0.5724353790283203,383,718,1199,1074
452,chair,0.4325910210609436,1333,490,1429,613
453,person,0.9176265597343445,1520,86,1919,1072
453,person,0.8410389423370361,414,348,969,1029
453,person,0.7942814230918884,1385,346,1668,915
453,person,0.7398920059204102,671,313,891,538
453,dining table,0.6123824119567871,382,722,1196,1073
453,chair,0.4781041443347931,1328,490,1427,615
454,person,0.9211992621421814,1521,88,1919,1072
454,person,0.8659281730651855,407,349,957,1033
454,person,0.8254747986793518,1376,347,1665,916
454,person,0.7781973481178284,668,312,889,540
454,dining table,0.6284410357475281,378,722,1192,1073
455,person,0.9205081462860107,1522,87,1919,1071
455,person,0.8620867729187012,401,349,952,1036
455,person,0.83030766248703,1375,347,1663,917
455,person,0.7770162224769592,662,308,881,540
455,dining table,0.6126635074615479,373,722,1189,1073
456,person,0.9189647436141968,1521,84,1919,1072
456,person,0.8659841418266296,398,347,945,1028
456,person,0.8537859320640564,1371,347,1661,915
456,person,0.7505293488502502,661,307,878,541
456,dining table,0.5984519124031067,367,723,1186,1073
457,person,0.9214344024658203,1521,80,1919,1071
457,person,0.8804119229316711,391,348,941,1015
457,person,0.850845456123352,1367,346,1653,917
457,person,0.815386176109314,658,309,874,543
457,dining table,0.5971853733062744,366,721,1181,1073
457,backpack,0.4466499984264374,909,608,1058,739
458,person,0.92560213804245,1518,78,1919,1072
458,person,0.8773149847984314,387,348,937,1017
458,person,0.818708062171936,1367,347,1651,916
458,person,0.7645167708396912,654,309,867,538
458,dining table,0.5800303220748901,365,721,1177,1072
458,backpack,0.4053783714771271,902,608,1057,739
459,person,0.9325084090232849,1513,80,1919,1072
459,person,0.85566645860672,383,348,927,1014
459,person,0.8001636266708374,1363,348,1651,918
459,person,0.7888332605361938,650,309,867,540
459,dining table,0.5736188292503357,362,723,1175,1073
459,chair,0.417094349861145,1306,490,1404,611
460,person,0.9277986288070679,1519,85,1919,1072
460,person,0.8551461100578308,380,349,931,1027
460,person,0.8122793436050415,1354,348,1638,918
460,person,0.8047320246696472,646,312,864,540
460,chair,0.59029620885849,1302,490,1398,611
460,dining table,0.5567202568054199,360,724,1170,1072
461,person,0.9260474443435669,1520,93,1919,1071
461,person,0.8604903221130371,378,349,924,1033
461,person,0.7860046625137329,637,310,862,539
461,person,0.780489981174469,1347,348,1631,922
461,dining table,0.6446481347084045,358,723,1168,1072
461,chair,0.6035212278366089,1299,488,1394,610
462,person,0.9139729142189026,1528,96,1919,1070
462,person,0.8610419034957886,372,348,904,1030
462,person,0.798835039138794,1342,346,1635,917
462,person,0.7803847789764404,634,307,857,540
462,dining table,0.6459633708000183,357,722,1162,1072
462,chair,0.5318827629089355,1296,487,1391,609
463,person,0.8764755129814148,1535,92,1919,1070
463,person,0.8639164566993713,369,348,917,1033
463,person,0.8444664478302002,1333,345,1636,916
463,person,0.7253000140190125,630,309,851,541
463,dining table,0.6326099038124084,354,724,1158,1071
463,chair,0.5183951258659363,1291,489,1383,609
464,person,0.860654890537262,362,347,909,1036
464,person,0.8537492752075195,1561,91,1919,1068
464,person,0.8123675584793091,1336,346,1630,916
464,person,0.6710445284843445,626,313,840,536
464,dining table,0.6077577471733093,352,723,1154,1072
464,chair,0.5172214508056641,1288,487,1379,610
465,person,0.863836407661438,355,347,911,1043
465,person,0.8561806678771973,1579,106,1919,1069
465,person,0.798723042011261,1330,347,1631,910
465,person,0.6963214874267578,622,311,830,536
465,dining table,0.5727282166481018,347,723,1151,1072
465,chair,0.4979861080646515,1283,487,1380,610
466,person,0.8675723075866699,351,348,912,1052
466,person,0.8560464382171631,1590,151,1919,1070
466,person,0.8130982518196106,1320,346,1628,912
466,person,0.7755379676818848,617,312,839,542
466,dining table,0.5592914819717407,338,715,1151,1072
466,chair,0.46776795387268066,1278,486,1374,609
466,person,0.4633585512638092,1784,148,1919,1080
467,person,0.8733248114585876,347,348,901,1034
467,person,0.8545407056808472,1609,179,1919,1070
467,person,0.8080027103424072,1322,345,1621,913
467,person,0.7966750860214233,614,308,835,541
467,dining table,0.5933215618133545,338,716,1147,1072
467,person,0.44119003415107727,1786,182,1919,1080
468,person,0.8775920271873474,341,348,897,1026
468,person,0.83693528175354,1318,342,1613,908
468,person,0.825652003288269,1630,184,1919,1069
468,person,0.6794885396957397,612,309,819,540
468,dining table,0.5579519867897034,334,716,1143,1072
468,person,0.4647737145423889,1792,187,1919,1063
469,person,0.8708493709564209,338,349,890,1025
469,person,0.8228394389152527,1313,345,1608,913
469,person,0.7990912199020386,1661,177,1919,1067
469,person,0.763157844543457,607,310,824,544
469,chair,0.5325266122817993,1696,645,1829,882
469,dining table,0.5195059180259705,330,726,1133,1072
469,person,0.4705168604850769,1798,175,1919,1076
469,chair,0.45367515087127686,1265,486,1357,610
470,person,0.8718118667602539,335,349,886,1038
470,person,0.7885196805000305,602,310,821,542
470,person,0.781843900680542,1712,182,1919,1067
470,person,0.7814098596572876,1314,346,1605,911
470,chair,0.510844886302948,1691,640,1830,886
470,dining table,0.491911381483078,327,725,1131,1072
470,chair,0.4735846519470215,1260,486,1354,609
470,person,0.45630425214767456,1802,186,1919,1080
470,backpack,0.40721815824508667,856,610,1010,740
471,person,0.8743466734886169,332,348,884,1046
471,person,0.8095303177833557,1311,345,1602,913
471,person,0.7832342386245728,1776,192,1919,1070
471,person,0.7749441266059875,599,313,819,541
471,chair,0.4642709493637085,1256,485,1352,608
471,dining table,0.4545353949069977,327,725,1129,1072
471,dining table,0.44209060072898865,1146,559,1805,889
471,chair,0.4303383529186249,1689,631,1829,887
471,dining table,0.41406747698783875,1145,541,1808,1027
472,person,0.8829765915870667,328,349,880,1043
472,person,0.7973791360855103,587,313,816,541
472,person,0.7910993695259094,1776,196,1919,1068
472,person,0.7656658887863159,1311,345,1598,909
472,chair,0.5212329626083374,1253,485,1345,608
472,dining table,0.4863765239715576,325,718,1131,1072
472,dining table,0.4130735993385315,1143,565,1796,888
473,person,0.8893487453460693,322,349,879,1039
473,person,0.7835944294929504,1769,198,1919,1072
473,person,0.7636213898658752,1310,345,1594,907
473,person,0.7617263197898865,584,309,814,541
473,chair,0.4958835542201996,1249,486,1343,607
473,dining table,0.4861503541469574,323,717,1126,1072
473,dining table,0.4801882207393646,1139,562,1805,886
473,dining table,0.45967787504196167,1139,549,1810,1021
474,person,0.882384717464447,319,350,877,1039
474,person,0.7838742136955261,1765,206,1919,1074
474,person,0.7517505288124084,1307,345,1591,908
474,person,0.6717193126678467,582,310,807,541
474,dining table,0.5057008266448975,318,717,1115,1072
474,dining table,0.4929060935974121,1134,562,1804,890
474,dining table,0.4782019853591919,1135,546,1810,1033
474,chair,0.4616256654262543,1243,486,1335,607
475,person,0.8720846176147461,311,350,879,1048
475,person,0.7840539216995239,1762,216,1919,1072
475,person,0.7647565007209778,1295,345,1590,907
475,person,0.6613998413085938,578,312,801,540
475,dining table,0.4946720004081726,317,716,1112,1073
475,chair,0.45398348569869995,1239,486,1334,606
475,dining table,0.4463529884815216,1134,557,1795,883
476,person,0.8795719742774963,307,350,877,1047
476,person,0.792760968208313,1754,218,1919,1071
476,person,0.7746127247810364,1292,346,1580,909
476,person,0.7131530046463013,574,313,793,539
476,dining table,0.5076215267181396,313,717,1107,1073
476,dining table,0.46457985043525696,1130,551,1800,881
476,chair,0.4394363462924957,1237,484,1333,606
476,backpack,0.41521045565605164,831,608,987,739
477,person,0.8604502081871033,298,349,880,1053
477,person,0.7962783575057983,1752,235,1919,1072
477,person,0.7846454977989197,1283,344,1573,907
477,person,0.7420039772987366,568,313,794,542
477,dining table,0.4862731695175171,307,719,1103,1073
477,dining table,0.4169500172138214,1131,535,1804,876
477,chair,0.40220680832862854,1231,484,1328,607
478,person,0.8737289905548096,294,352,880,1038
478,person,0.8140606880187988,1745,247,1919,1072
478,person,0.8065869808197021,1278,343,1568,904
478,person,0.7785255312919617,564,307,790,541
478,dining table,0.5533767342567444,306,723,1099,1073
479,person,0.8649440407752991,289,353,884,1041
479,person,0.8257445096969604,1742,251,1919,1072
479,person,0.8240782618522644,1272,344,1562,905
479,person,0.7529200315475464,562,309,784,541
479,dining table,0.5227628946304321,301,723,1095,1073
479,dining table,0.46582895517349243,1121,533,1819,885
480,person,0.8717525601387024,283,352,865,1050
480,person,0.8246470093727112,1267,344,1560,906
480,person,0.8110207915306091,1737,249,1919,1072
480,person,0.7074434757232666,556,311,776,543
480,dining table,0.5208469033241272,1111,534,1824,884
480,dining table,0.4996003806591034,298,722,1090,1073
480,dining table,0.4050499200820923,1110,515,1825,1040
481,person,0.8774924278259277,279,353,858,1049
481,person,0.8399989008903503,1267,343,1555,904
481,person,0.8370741605758667,1731,257,1919,1071
481,person,0.7424797415733337,550,312,774,542
481,dining table,0.5305284261703491,1104,537,1829,880
481,dining table,0.4511963725090027,288,723,1084,1073
482,person,0.8793691396713257,275,352,855,1056
482,person,0.8340892195701599,1726,261,1919,1071
482,person,0.8319016098976135,1258,344,1548,904
482,person,0.7473521828651428,544,313,771,542
482,dining table,0.5357568264007568,1096,540,1832,880
482,chair,0.4966050088405609,1208,485,1302,607
482,dining table,0.42460861802101135,288,723,1082,1073
482,dining table,0.4144250154495239,1099,523,1833,1042
483,person,0.8759604692459106,273,354,842,1044
483,person,0.8257606625556946,1725,278,1919,1070
483,person,0.8057687878608704,1250,344,1542,905
483,person,0.8015281558036804,538,309,769,541
483,dining table,0.5035859942436218,1091,550,1833,901
483,dining table,0.48605817556381226,285,724,1080,1072
483,dining table,0.4735890030860901,1095,542,1835,1046
483,chair,0.4350631833076477,1205,483,1300,607
484,person,0.880378782749176,269,354,839,1047
484,person,0.7878299951553345,1720,277,1919,1069
484,person,0.7740756869316101,1240,344,1543,904
484,person,0.7258186936378479,534,310,765,542
484,chair,0.513643205165863,1201,484,1293,606
484,dining table,0.5053750872612,1083,557,1832,907
484,dining table,0.5031337141990662,280,725,1077,1072
484,dining table,0.40085655450820923,1093,553,1836,1049
485,person,0.873944878578186,259,354,838,1057
485,person,0.809279203414917,1715,297,1919,1068
485,person,0.7864519357681274,1235,343,1536,906
485,person,0.6543030142784119,528,310,759,540
485,dining table,0.5706793069839478,1077,552,1828,916
485,chair,0.47633954882621765,1197,482,1287,606
485,dining table,0.4529688060283661,277,724,1072,1072
486,person,0.8684439063072205,258,353,829,1054
486,person,0.7856441736221313,1711,323,1919,1068
486,person,0.7740684747695923,1234,343,1532,906
486,person,0.6729004979133606,525,311,733,539
486,dining table,0.5606929063796997,276,725,1065,1072
486,dining table,0.5275723934173584,1076,553,1816,916
486,chair,0.5213583707809448,1191,484,1284,606
487,person,0.8683160543441772,251,353,823,1057
487,person,0.77325439453125,1231,344,1524,907
487,person,0.7556716799736023,1709,361,1919,1068
487,person,0.7448480725288391,521,312,731,538
487,chair,0.5847136378288269,1188,482,1282,605
487,dining table,0.5559394955635071,273,725,1061,1072
487,dining table,0.490536630153656,1091,550,1811,915
488,person,0.8739873766899109,243,353,814,1057
488,person,0.8283079862594604,516,310,747,544
488,person,0.7980680465698242,1703,501,1919,1069
488,person,0.7710440158843994,1226,343,1516,907
488,dining table,0.5661396384239197,1081,552,1805,914
488,chair,0.5094565749168396,1182,482,1275,606
488,chair,0.49086523056030273,1758,439,1911,711
488,dining table,0.4882258176803589,270,726,1057,1072
489,person,0.8809279203414917,238,351,818,1055
489,person,0.8163378834724426,514,310,742,543
489,person,0.796329915523529,1226,340,1511,903
489,person,0.7767143845558167,1699,523,1919,1069
489,dining table,0.5145784616470337,1089,553,1802,914
489,chair,0.47419843077659607,1180,482,1270,605
489,dining table,0.46865445375442505,268,726,1053,1073
490,person,0.8783857226371765,238,351,828,1056
490,person,0.8407212495803833,1694,537,1919,1069
490,person,0.8290992379188538,1221,341,1505,904
490,person,0.7663125395774841,508,311,737,546
490,dining table,0.4892662465572357,1090,552,1791,913
490,chair,0.4652225375175476,1172,483,1264,606
490,chair,0.44987231492996216,1738,438,1906,725
490,dining table,0.40830522775650024,258,721,1054,1072
491,person,0.8935405611991882,234,349,803,1054
491,person,0.8462302684783936,1683,543,1919,1070
491,person,0.8346841335296631,1216,339,1504,908
491,person,0.7558697462081909,504,313,732,547
491,dining table,0.47488075494766235,1057,530,1790,1008
491,chair,0.4327836036682129,1167,484,1258,606
491,dining table,0.4207296073436737,256,726,1043,1072
492,person,0.8986181616783142,231,349,797,1052
492,person,0.809951663017273,1217,340,1497,906
492,person,0.8097668290138245,1678,552,1919,1070
492,person,0.7687854766845703,499,312,726,546
492,dining table,0.48425018787384033,1053,531,1782,1012
492,chair,0.4761941134929657,1164,482,1254,605
492,dining table,0.44485196471214294,254,726,1037,1072
493,person,0.9086752533912659,227,350,796,1051
493,person,0.7657589912414551,495,310,723,548
493,person,0.7207630276679993,1216,342,1497,904
493,person,0.6807857751846313,1676,556,1918,1072
493,dining table,0.488741010427475,1053,546,1778,918
493,chair,0.4848504960536957,1160,482,1250,605
494,person,0.8939810991287231,222,351,793,1043
494,person,0.6993319392204285,489,310,720,549
494,person,0.6844168901443481,1216,342,1495,902
494,chair,0.5487596392631531,1156,483,1246,604
494,person,0.5441912412643433,1678,627,1918,1073
494,dining table,0.5078440308570862,1051,554,1772,924
495,person,0.8809712529182434,218,352,786,1047
495,person,0.7752243280410767,1212,341,1492,901
495,person,0.7458825707435608,482,311,718,549
495,chair,0.5261062383651733,1719,437,1919,898
495,dining table,0.49646487832069397,246,726,1030,1072
495,chair,0.4778623580932617,1153,483,1239,604
495,person,0.45980894565582275,1681,796,1919,1074
496,person,0.8680523633956909,216,353,794,1050
496,person,0.8103882074356079,1202,342,1485,901
496,person,0.722886323928833,478,311,713,549
496,dining table,0.6726499199867249,244,726,1029,1072
496,chair,0.6715525984764099,1714,435,1919,908
496,person,0.45408475399017334,1695,822,1919,1072
496,dining table,0.4406333267688751,1040,545,1762,921
497,person,0.8450442552566528,217,353,765,1044
497,person,0.8010040521621704,475,312,707,548
497,person,0.7818936109542847,1209,342,1481,900
497,chair,0.7507942914962769,1709,436,1919,902
497,dining table,0.7209896445274353,242,725,1018,1072
497,person,0.5313833355903625,1698,829,1919,1074
497,dining table,0.48359304666519165,1036,539,1758,917
497,chair,0.4390365481376648,1143,479,1236,604
497,dining table,0.40693506598472595,1040,495,1770,1044
